Note: xcpretty not found. Install it with 'gem install xcpretty' for better output formatting.
Running 'build' for Scheme: Lemon
Destination: platform=iOS Simulator,name=iPhone 17
Executing: xcodebuild build -scheme "Lemon" -destination "platform=iOS Simulator,name=iPhone 17"
Command line invocation:
    /Applications/Xcode.app/Contents/Developer/usr/bin/xcodebuild build -scheme Lemon -destination "platform=iOS Simulator,name=iPhone 17"

Resolve Package Graph


Resolved source packages:
  InteropForGoogle: https://github.com/google/interop-ios-for-google-sdks.git @ 101.0.0
  Promises: https://github.com/google/promises.git @ 2.4.0
  GTMSessionFetcher: https://github.com/google/gtm-session-fetcher.git @ 3.5.0
  GTMAppAuth: https://github.com/google/GTMAppAuth.git @ 5.0.0
  GoogleAppMeasurement: https://github.com/google/GoogleAppMeasurement.git @ 12.8.0
  GoogleAdsOnDeviceConversion: https://github.com/googleads/google-ads-on-device-conversion-ios-sdk @ 3.2.0
  nanopb: https://github.com/firebase/nanopb.git @ 2.30910.0
  GoogleSignIn: https://github.com/google/GoogleSignIn-iOS @ 9.1.0
  gRPC: https://github.com/google/grpc-binary.git @ 1.69.1
  leveldb: https://github.com/firebase/leveldb.git @ 1.22.5
  AppCheck: https://github.com/google/app-check.git @ 11.2.0
  Firebase: https://github.com/firebase/firebase-ios-sdk @ 12.8.0
  GoogleUtilities: https://github.com/google/GoogleUtilities.git @ 8.1.0
  AppAuth: https://github.com/openid/AppAuth-iOS.git @ 2.0.0
  GoogleDataTransport: https://github.com/google/GoogleDataTransport.git @ 10.1.0
  abseil: https://github.com/google/abseil-cpp-binary.git @ 1.2024072200.0

ComputePackagePrebuildTargetDependencyGraph

Prepare packages

CreateBuildRequest

SendProjectDescription

CreateBuildOperation

ComputeTargetDependencyGraph
note: Building targets in dependency order
note: Target dependency graph (106 targets)
    Target 'Lemon' in project 'Lemon'
        ➜ Explicit dependency on target 'FirebaseAnalytics' in project 'Firebase'
        ➜ Explicit dependency on target 'FirebaseAuth' in project 'Firebase'
        ➜ Explicit dependency on target 'GoogleSignInSwift' in project 'GoogleSignIn'
        ➜ Explicit dependency on target 'FirebaseAnalyticsIdentitySupport' in project 'Firebase'
        ➜ Explicit dependency on target 'FirebaseFirestore' in project 'Firebase'
        ➜ Explicit dependency on target 'FirebaseAnalyticsCore' in project 'Firebase'
        ➜ Explicit dependency on target 'FirebaseDatabase' in project 'Firebase'
        ➜ Explicit dependency on target 'GoogleSignIn' in project 'GoogleSignIn'
    Target 'GoogleSignIn' in project 'GoogleSignIn'
        ➜ Explicit dependency on target 'GoogleSignIn' in project 'GoogleSignIn'
        ➜ Explicit dependency on target 'GoogleSignIn_GoogleSignIn' in project 'GoogleSignIn'
        ➜ Explicit dependency on target 'AppAuth' in project 'AppAuth'
        ➜ Explicit dependency on target 'AppAuthCore' in project 'AppAuth'
        ➜ Explicit dependency on target 'AppCheckCore' in project 'AppCheck'
        ➜ Explicit dependency on target 'GTMAppAuth' in project 'GTMAppAuth'
        ➜ Explicit dependency on target 'GTMSessionFetcherCore' in project 'GTMSessionFetcher'
    Target 'FirebaseDatabase' in project 'Firebase'
        ➜ Explicit dependency on target 'FirebaseDatabase' in project 'Firebase'
        ➜ Explicit dependency on target 'FirebaseAppCheckInterop' in project 'Firebase'
        ➜ Explicit dependency on target 'Firebase' in project 'Firebase'
        ➜ Explicit dependency on target 'FirebaseCoreInternal' in project 'Firebase'
        ➜ Explicit dependency on target 'FirebaseCore' in project 'Firebase'
        ➜ Explicit dependency on target 'FirebaseDatabaseInternal' in project 'Firebase'
        ➜ Explicit dependency on target 'FirebaseSharedSwift' in project 'Firebase'
        ➜ Explicit dependency on target 'GULNSData' in project 'GoogleUtilities'
        ➜ Explicit dependency on target 'GULEnvironment' in project 'GoogleUtilities'
        ➜ Explicit dependency on target 'GULLogger' in project 'GoogleUtilities'
        ➜ Explicit dependency on target 'leveldb' in project 'leveldb'
        ➜ Explicit dependency on target 'GULUserDefaults' in project 'GoogleUtilities'
    Target 'FirebaseDatabase' in project 'Firebase'
        ➜ Explicit dependency on target 'FirebaseAppCheckInterop' in project 'Firebase'
        ➜ Explicit dependency on target 'Firebase' in project 'Firebase'
        ➜ Explicit dependency on target 'FirebaseCoreInternal' in project 'Firebase'
        ➜ Explicit dependency on target 'FirebaseCore' in project 'Firebase'
        ➜ Explicit dependency on target 'FirebaseDatabaseInternal' in project 'Firebase'
        ➜ Explicit dependency on target 'FirebaseSharedSwift' in project 'Firebase'
        ➜ Explicit dependency on target 'GULNSData' in project 'GoogleUtilities'
        ➜ Explicit dependency on target 'GULEnvironment' in project 'GoogleUtilities'
        ➜ Explicit dependency on target 'GULLogger' in project 'GoogleUtilities'
        ➜ Explicit dependency on target 'leveldb' in project 'leveldb'
        ➜ Explicit dependency on target 'GULUserDefaults' in project 'GoogleUtilities'
    Target 'FirebaseDatabaseInternal' in project 'Firebase'
        ➜ Explicit dependency on target 'FirebaseAppCheckInterop' in project 'Firebase'
        ➜ Explicit dependency on target 'Firebase' in project 'Firebase'
        ➜ Explicit dependency on target 'FirebaseCoreInternal' in project 'Firebase'
        ➜ Explicit dependency on target 'FirebaseCore' in project 'Firebase'
        ➜ Explicit dependency on target 'GULNSData' in project 'GoogleUtilities'
        ➜ Explicit dependency on target 'GULEnvironment' in project 'GoogleUtilities'
        ➜ Explicit dependency on target 'GULLogger' in project 'GoogleUtilities'
        ➜ Explicit dependency on target 'leveldb' in project 'leveldb'
        ➜ Explicit dependency on target 'GULUserDefaults' in project 'GoogleUtilities'
    Target 'FirebaseAnalyticsCore' in project 'Firebase'
        ➜ Explicit dependency on target 'FirebaseAnalyticsCoreTarget' in project 'Firebase'
        ➜ Explicit dependency on target 'Firebase' in project 'Firebase'
        ➜ Explicit dependency on target 'FirebaseCoreInternal' in project 'Firebase'
        ➜ Explicit dependency on target 'FirebaseCore' in project 'Firebase'
        ➜ Explicit dependency on target 'FirebaseInstallations' in project 'Firebase'
        ➜ Explicit dependency on target 'FirebaseAnalyticsCoreWrapper' in project 'Firebase'
        ➜ Explicit dependency on target 'GULNSData' in project 'GoogleUtilities'
        ➜ Explicit dependency on target 'GULEnvironment' in project 'GoogleUtilities'
        ➜ Explicit dependency on target 'GULLogger' in project 'GoogleUtilities'
        ➜ Explicit dependency on target 'FBLPromises' in project 'Promises'
        ➜ Explicit dependency on target 'GULUserDefaults' in project 'GoogleUtilities'
        ➜ Explicit dependency on target 'GoogleAppMeasurementCore' in project 'GoogleAppMeasurement'
        ➜ Explicit dependency on target 'GULAppDelegateSwizzler' in project 'GoogleUtilities'
        ➜ Explicit dependency on target 'GULMethodSwizzler' in project 'GoogleUtilities'
        ➜ Explicit dependency on target 'GULNetwork' in project 'GoogleUtilities'
        ➜ Explicit dependency on target 'nanopb' in project 'nanopb'
    Target 'FirebaseAnalyticsCoreTarget' in project 'Firebase'
        ➜ Explicit dependency on target 'Firebase' in project 'Firebase'
        ➜ Explicit dependency on target 'FirebaseCoreInternal' in project 'Firebase'
        ➜ Explicit dependency on target 'FirebaseCore' in project 'Firebase'
        ➜ Explicit dependency on target 'FirebaseInstallations' in project 'Firebase'
        ➜ Explicit dependency on target 'FirebaseAnalyticsCoreWrapper' in project 'Firebase'
        ➜ Explicit dependency on target 'GULNSData' in project 'GoogleUtilities'
        ➜ Explicit dependency on target 'GULEnvironment' in project 'GoogleUtilities'
        ➜ Explicit dependency on target 'GULLogger' in project 'GoogleUtilities'
        ➜ Explicit dependency on target 'FBLPromises' in project 'Promises'
        ➜ Explicit dependency on target 'GULUserDefaults' in project 'GoogleUtilities'
        ➜ Explicit dependency on target 'GoogleAppMeasurementCore' in project 'GoogleAppMeasurement'
        ➜ Explicit dependency on target 'GULAppDelegateSwizzler' in project 'GoogleUtilities'
        ➜ Explicit dependency on target 'GULMethodSwizzler' in project 'GoogleUtilities'
        ➜ Explicit dependency on target 'GULNetwork' in project 'GoogleUtilities'
        ➜ Explicit dependency on target 'nanopb' in project 'nanopb'
    Target 'FirebaseAnalyticsCoreWrapper' in project 'Firebase'
        ➜ Explicit dependency on target 'Firebase' in project 'Firebase'
        ➜ Explicit dependency on target 'FirebaseCoreInternal' in project 'Firebase'
        ➜ Explicit dependency on target 'FirebaseCore' in project 'Firebase'
        ➜ Explicit dependency on target 'FirebaseInstallations' in project 'Firebase'
        ➜ Explicit dependency on target 'GULNSData' in project 'GoogleUtilities'
        ➜ Explicit dependency on target 'GULEnvironment' in project 'GoogleUtilities'
        ➜ Explicit dependency on target 'GULLogger' in project 'GoogleUtilities'
        ➜ Explicit dependency on target 'FBLPromises' in project 'Promises'
        ➜ Explicit dependency on target 'GULUserDefaults' in project 'GoogleUtilities'
        ➜ Explicit dependency on target 'GoogleAppMeasurementCore' in project 'GoogleAppMeasurement'
        ➜ Explicit dependency on target 'GULAppDelegateSwizzler' in project 'GoogleUtilities'
        ➜ Explicit dependency on target 'GULMethodSwizzler' in project 'GoogleUtilities'
        ➜ Explicit dependency on target 'GULNetwork' in project 'GoogleUtilities'
        ➜ Explicit dependency on target 'nanopb' in project 'nanopb'
    Target 'GoogleAppMeasurementCore' in project 'GoogleAppMeasurement'
        ➜ Explicit dependency on target 'GoogleAppMeasurementCoreTarget' in project 'GoogleAppMeasurement'
        ➜ Explicit dependency on target 'GULAppDelegateSwizzler' in project 'GoogleUtilities'
        ➜ Explicit dependency on target 'GULMethodSwizzler' in project 'GoogleUtilities'
        ➜ Explicit dependency on target 'GULNSData' in project 'GoogleUtilities'
        ➜ Explicit dependency on target 'GULNetwork' in project 'GoogleUtilities'
        ➜ Explicit dependency on target 'GULLogger' in project 'GoogleUtilities'
        ➜ Explicit dependency on target 'GULEnvironment' in project 'GoogleUtilities'
        ➜ Explicit dependency on target 'nanopb' in project 'nanopb'
    Target 'GoogleAppMeasurementCoreTarget' in project 'GoogleAppMeasurement'
        ➜ Explicit dependency on target 'GULAppDelegateSwizzler' in project 'GoogleUtilities'
        ➜ Explicit dependency on target 'GULMethodSwizzler' in project 'GoogleUtilities'
        ➜ Explicit dependency on target 'GULNSData' in project 'GoogleUtilities'
        ➜ Explicit dependency on target 'GULNetwork' in project 'GoogleUtilities'
        ➜ Explicit dependency on target 'GULLogger' in project 'GoogleUtilities'
        ➜ Explicit dependency on target 'GULEnvironment' in project 'GoogleUtilities'
        ➜ Explicit dependency on target 'nanopb' in project 'nanopb'
    Target 'FirebaseFirestore' in project 'Firebase'
        ➜ Explicit dependency on target 'FirebaseFirestoreTarget' in project 'Firebase'
        ➜ Explicit dependency on target 'FirebaseFirestoreInternalWrapper' in project 'Firebase'
        ➜ Explicit dependency on target 'FirebaseAppCheckInterop' in project 'Firebase'
        ➜ Explicit dependency on target 'Firebase' in project 'Firebase'
        ➜ Explicit dependency on target 'FirebaseCoreInternal' in project 'Firebase'
        ➜ Explicit dependency on target 'FirebaseCore' in project 'Firebase'
        ➜ Explicit dependency on target 'FirebaseCoreExtension' in project 'Firebase'
        ➜ Explicit dependency on target 'FirebaseSharedSwift' in project 'Firebase'
        ➜ Explicit dependency on target 'FirebaseFirestore' in project 'Firebase'
        ➜ Explicit dependency on target 'GULNSData' in project 'GoogleUtilities'
        ➜ Explicit dependency on target 'GULEnvironment' in project 'GoogleUtilities'
        ➜ Explicit dependency on target 'GULLogger' in project 'GoogleUtilities'
        ➜ Explicit dependency on target 'abseil' in project 'abseil'
        ➜ Explicit dependency on target 'gRPC-C++' in project 'gRPC'
        ➜ Explicit dependency on target 'nanopb' in project 'nanopb'
        ➜ Explicit dependency on target 'leveldb' in project 'leveldb'
    Target 'FirebaseFirestoreTarget' in project 'Firebase'
        ➜ Explicit dependency on target 'FirebaseFirestoreInternalWrapper' in project 'Firebase'
        ➜ Explicit dependency on target 'FirebaseAppCheckInterop' in project 'Firebase'
        ➜ Explicit dependency on target 'Firebase' in project 'Firebase'
        ➜ Explicit dependency on target 'FirebaseCoreInternal' in project 'Firebase'
        ➜ Explicit dependency on target 'FirebaseCore' in project 'Firebase'
        ➜ Explicit dependency on target 'FirebaseCoreExtension' in project 'Firebase'
        ➜ Explicit dependency on target 'FirebaseSharedSwift' in project 'Firebase'
        ➜ Explicit dependency on target 'FirebaseFirestore' in project 'Firebase'
        ➜ Explicit dependency on target 'GULNSData' in project 'GoogleUtilities'
        ➜ Explicit dependency on target 'GULEnvironment' in project 'GoogleUtilities'
        ➜ Explicit dependency on target 'GULLogger' in project 'GoogleUtilities'
        ➜ Explicit dependency on target 'abseil' in project 'abseil'
        ➜ Explicit dependency on target 'gRPC-C++' in project 'gRPC'
        ➜ Explicit dependency on target 'nanopb' in project 'nanopb'
        ➜ Explicit dependency on target 'leveldb' in project 'leveldb'
    Target 'FirebaseFirestore' in project 'Firebase'
        ➜ Explicit dependency on target 'Firebase_FirebaseFirestore' in project 'Firebase'
        ➜ Explicit dependency on target 'FirebaseFirestoreInternalWrapper' in project 'Firebase'
        ➜ Explicit dependency on target 'FirebaseAppCheckInterop' in project 'Firebase'
        ➜ Explicit dependency on target 'Firebase' in project 'Firebase'
        ➜ Explicit dependency on target 'FirebaseCoreInternal' in project 'Firebase'
        ➜ Explicit dependency on target 'FirebaseCore' in project 'Firebase'
        ➜ Explicit dependency on target 'FirebaseCoreExtension' in project 'Firebase'
        ➜ Explicit dependency on target 'FirebaseSharedSwift' in project 'Firebase'
        ➜ Explicit dependency on target 'GULNSData' in project 'GoogleUtilities'
        ➜ Explicit dependency on target 'GULEnvironment' in project 'GoogleUtilities'
        ➜ Explicit dependency on target 'GULLogger' in project 'GoogleUtilities'
        ➜ Explicit dependency on target 'abseil' in project 'abseil'
        ➜ Explicit dependency on target 'gRPC-C++' in project 'gRPC'
        ➜ Explicit dependency on target 'nanopb' in project 'nanopb'
        ➜ Explicit dependency on target 'leveldb' in project 'leveldb'
    Target 'leveldb' in project 'leveldb'
        ➜ Explicit dependency on target 'leveldb' in project 'leveldb'
        ➜ Explicit dependency on target 'leveldb_leveldb' in project 'leveldb'
    Target 'leveldb' in project 'leveldb'
        ➜ Explicit dependency on target 'leveldb_leveldb' in project 'leveldb'
    Target 'leveldb_leveldb' in project 'leveldb' (no dependencies)
    Target 'gRPC-C++' in project 'gRPC'
        ➜ Explicit dependency on target 'grpcppWrapper' in project 'gRPC'
        ➜ Explicit dependency on target 'gRPC_grpcppWrapper' in project 'gRPC'
        ➜ Explicit dependency on target 'grpcWrapper' in project 'gRPC'
        ➜ Explicit dependency on target 'opensslWrapper' in project 'gRPC'
        ➜ Explicit dependency on target 'abseil' in project 'abseil'
    Target 'grpcppWrapper' in project 'gRPC'
        ➜ Explicit dependency on target 'gRPC_grpcppWrapper' in project 'gRPC'
        ➜ Explicit dependency on target 'grpcWrapper' in project 'gRPC'
        ➜ Explicit dependency on target 'opensslWrapper' in project 'gRPC'
        ➜ Explicit dependency on target 'abseil' in project 'abseil'
    Target 'opensslWrapper' in project 'gRPC'
        ➜ Explicit dependency on target 'gRPC_opensslWrapper' in project 'gRPC'
    Target 'gRPC_opensslWrapper' in project 'gRPC' (no dependencies)
    Target 'grpcWrapper' in project 'gRPC'
        ➜ Explicit dependency on target 'gRPC_grpcWrapper' in project 'gRPC'
    Target 'gRPC_grpcWrapper' in project 'gRPC' (no dependencies)
    Target 'gRPC_grpcppWrapper' in project 'gRPC' (no dependencies)
    Target 'abseil' in project 'abseil'
        ➜ Explicit dependency on target 'abslWrapper' in project 'abseil'
        ➜ Explicit dependency on target 'abseil_abslWrapper' in project 'abseil'
    Target 'abslWrapper' in project 'abseil'
        ➜ Explicit dependency on target 'abseil_abslWrapper' in project 'abseil'
    Target 'abseil_abslWrapper' in project 'abseil' (no dependencies)
    Target 'Firebase_FirebaseFirestore' in project 'Firebase' (no dependencies)
    Target 'FirebaseSharedSwift' in project 'Firebase' (no dependencies)
    Target 'FirebaseFirestoreInternalWrapper' in project 'Firebase' (no dependencies)
    Target 'FirebaseAnalyticsIdentitySupport' in project 'Firebase'
        ➜ Explicit dependency on target 'FirebaseAnalyticsIdentitySupportTarget' in project 'Firebase'
        ➜ Explicit dependency on target 'Firebase' in project 'Firebase'
        ➜ Explicit dependency on target 'FirebaseCoreInternal' in project 'Firebase'
        ➜ Explicit dependency on target 'FirebaseCore' in project 'Firebase'
        ➜ Explicit dependency on target 'FirebaseInstallations' in project 'Firebase'
        ➜ Explicit dependency on target 'GULNSData' in project 'GoogleUtilities'
        ➜ Explicit dependency on target 'GULEnvironment' in project 'GoogleUtilities'
        ➜ Explicit dependency on target 'GULLogger' in project 'GoogleUtilities'
        ➜ Explicit dependency on target 'FBLPromises' in project 'Promises'
        ➜ Explicit dependency on target 'GULUserDefaults' in project 'GoogleUtilities'
        ➜ Explicit dependency on target 'GoogleAppMeasurementIdentitySupport' in project 'GoogleAppMeasurement'
        ➜ Explicit dependency on target 'GULAppDelegateSwizzler' in project 'GoogleUtilities'
        ➜ Explicit dependency on target 'GULMethodSwizzler' in project 'GoogleUtilities'
        ➜ Explicit dependency on target 'GULNetwork' in project 'GoogleUtilities'
        ➜ Explicit dependency on target 'nanopb' in project 'nanopb'
    Target 'FirebaseAnalyticsIdentitySupportTarget' in project 'Firebase'
        ➜ Explicit dependency on target 'Firebase' in project 'Firebase'
        ➜ Explicit dependency on target 'FirebaseCoreInternal' in project 'Firebase'
        ➜ Explicit dependency on target 'FirebaseCore' in project 'Firebase'
        ➜ Explicit dependency on target 'FirebaseInstallations' in project 'Firebase'
        ➜ Explicit dependency on target 'GULNSData' in project 'GoogleUtilities'
        ➜ Explicit dependency on target 'GULEnvironment' in project 'GoogleUtilities'
        ➜ Explicit dependency on target 'GULLogger' in project 'GoogleUtilities'
        ➜ Explicit dependency on target 'FBLPromises' in project 'Promises'
        ➜ Explicit dependency on target 'GULUserDefaults' in project 'GoogleUtilities'
        ➜ Explicit dependency on target 'GoogleAppMeasurementIdentitySupport' in project 'GoogleAppMeasurement'
        ➜ Explicit dependency on target 'GULAppDelegateSwizzler' in project 'GoogleUtilities'
        ➜ Explicit dependency on target 'GULMethodSwizzler' in project 'GoogleUtilities'
        ➜ Explicit dependency on target 'GULNetwork' in project 'GoogleUtilities'
        ➜ Explicit dependency on target 'nanopb' in project 'nanopb'
    Target 'GoogleAppMeasurementIdentitySupport' in project 'GoogleAppMeasurement'
        ➜ Explicit dependency on target 'GoogleAppMeasurementIdentitySupportTarget' in project 'GoogleAppMeasurement'
        ➜ Explicit dependency on target 'GULAppDelegateSwizzler' in project 'GoogleUtilities'
        ➜ Explicit dependency on target 'GULMethodSwizzler' in project 'GoogleUtilities'
        ➜ Explicit dependency on target 'GULNSData' in project 'GoogleUtilities'
        ➜ Explicit dependency on target 'GULNetwork' in project 'GoogleUtilities'
        ➜ Explicit dependency on target 'GULLogger' in project 'GoogleUtilities'
        ➜ Explicit dependency on target 'GULEnvironment' in project 'GoogleUtilities'
        ➜ Explicit dependency on target 'nanopb' in project 'nanopb'
    Target 'GoogleAppMeasurementIdentitySupportTarget' in project 'GoogleAppMeasurement'
        ➜ Explicit dependency on target 'GULAppDelegateSwizzler' in project 'GoogleUtilities'
        ➜ Explicit dependency on target 'GULMethodSwizzler' in project 'GoogleUtilities'
        ➜ Explicit dependency on target 'GULNSData' in project 'GoogleUtilities'
        ➜ Explicit dependency on target 'GULNetwork' in project 'GoogleUtilities'
        ➜ Explicit dependency on target 'GULLogger' in project 'GoogleUtilities'
        ➜ Explicit dependency on target 'GULEnvironment' in project 'GoogleUtilities'
        ➜ Explicit dependency on target 'nanopb' in project 'nanopb'
    Target 'GoogleSignInSwift' in project 'GoogleSignIn'
        ➜ Explicit dependency on target 'GoogleSignInSwift' in project 'GoogleSignIn'
        ➜ Explicit dependency on target 'GoogleSignIn_GoogleSignInSwift' in project 'GoogleSignIn'
        ➜ Explicit dependency on target 'GoogleSignIn' in project 'GoogleSignIn'
        ➜ Explicit dependency on target 'AppAuth' in project 'AppAuth'
        ➜ Explicit dependency on target 'AppAuthCore' in project 'AppAuth'
        ➜ Explicit dependency on target 'AppCheckCore' in project 'AppCheck'
        ➜ Explicit dependency on target 'GTMAppAuth' in project 'GTMAppAuth'
        ➜ Explicit dependency on target 'GTMSessionFetcherCore' in project 'GTMSessionFetcher'
    Target 'GoogleSignInSwift' in project 'GoogleSignIn'
        ➜ Explicit dependency on target 'GoogleSignIn_GoogleSignInSwift' in project 'GoogleSignIn'
        ➜ Explicit dependency on target 'GoogleSignIn' in project 'GoogleSignIn'
        ➜ Explicit dependency on target 'AppAuth' in project 'AppAuth'
        ➜ Explicit dependency on target 'AppAuthCore' in project 'AppAuth'
        ➜ Explicit dependency on target 'AppCheckCore' in project 'AppCheck'
        ➜ Explicit dependency on target 'GTMAppAuth' in project 'GTMAppAuth'
        ➜ Explicit dependency on target 'GTMSessionFetcherCore' in project 'GTMSessionFetcher'
    Target 'GoogleSignIn' in project 'GoogleSignIn'
        ➜ Explicit dependency on target 'GoogleSignIn_GoogleSignIn' in project 'GoogleSignIn'
        ➜ Explicit dependency on target 'AppAuth' in project 'AppAuth'
        ➜ Explicit dependency on target 'AppAuthCore' in project 'AppAuth'
        ➜ Explicit dependency on target 'AppCheckCore' in project 'AppCheck'
        ➜ Explicit dependency on target 'GTMAppAuth' in project 'GTMAppAuth'
        ➜ Explicit dependency on target 'GTMSessionFetcherCore' in project 'GTMSessionFetcher'
    Target 'GTMAppAuth' in project 'GTMAppAuth'
        ➜ Explicit dependency on target 'GTMAppAuth' in project 'GTMAppAuth'
        ➜ Explicit dependency on target 'GTMAppAuth_GTMAppAuth' in project 'GTMAppAuth'
        ➜ Explicit dependency on target 'GTMSessionFetcherCore' in project 'GTMSessionFetcher'
        ➜ Explicit dependency on target 'AppAuthCore' in project 'AppAuth'
    Target 'GTMAppAuth' in project 'GTMAppAuth'
        ➜ Explicit dependency on target 'GTMAppAuth_GTMAppAuth' in project 'GTMAppAuth'
        ➜ Explicit dependency on target 'GTMSessionFetcherCore' in project 'GTMSessionFetcher'
        ➜ Explicit dependency on target 'AppAuthCore' in project 'AppAuth'
    Target 'GTMAppAuth_GTMAppAuth' in project 'GTMAppAuth' (no dependencies)
    Target 'AppCheckCore' in project 'AppCheck'
        ➜ Explicit dependency on target 'AppCheckCore' in project 'AppCheck'
        ➜ Explicit dependency on target 'FBLPromises' in project 'Promises'
        ➜ Explicit dependency on target 'GULEnvironment' in project 'GoogleUtilities'
        ➜ Explicit dependency on target 'GULUserDefaults' in project 'GoogleUtilities'
    Target 'AppCheckCore' in project 'AppCheck'
        ➜ Explicit dependency on target 'FBLPromises' in project 'Promises'
        ➜ Explicit dependency on target 'GULEnvironment' in project 'GoogleUtilities'
        ➜ Explicit dependency on target 'GULUserDefaults' in project 'GoogleUtilities'
    Target 'AppAuthCore' in project 'AppAuth'
        ➜ Explicit dependency on target 'AppAuthCore' in project 'AppAuth'
        ➜ Explicit dependency on target 'AppAuth_AppAuthCore' in project 'AppAuth'
    Target 'AppAuth' in project 'AppAuth'
        ➜ Explicit dependency on target 'AppAuth' in project 'AppAuth'
        ➜ Explicit dependency on target 'AppAuth_AppAuth' in project 'AppAuth'
        ➜ Explicit dependency on target 'AppAuthCore' in project 'AppAuth'
    Target 'AppAuth' in project 'AppAuth'
        ➜ Explicit dependency on target 'AppAuth_AppAuth' in project 'AppAuth'
        ➜ Explicit dependency on target 'AppAuthCore' in project 'AppAuth'
    Target 'AppAuthCore' in project 'AppAuth'
        ➜ Explicit dependency on target 'AppAuth_AppAuthCore' in project 'AppAuth'
    Target 'AppAuth_AppAuthCore' in project 'AppAuth' (no dependencies)
    Target 'AppAuth_AppAuth' in project 'AppAuth' (no dependencies)
    Target 'GoogleSignIn_GoogleSignIn' in project 'GoogleSignIn' (no dependencies)
    Target 'GoogleSignIn_GoogleSignInSwift' in project 'GoogleSignIn' (no dependencies)
    Target 'FirebaseAuth' in project 'Firebase'
        ➜ Explicit dependency on target 'FirebaseAuth' in project 'Firebase'
        ➜ Explicit dependency on target 'Firebase_FirebaseAuth' in project 'Firebase'
        ➜ Explicit dependency on target 'FirebaseAppCheckInterop' in project 'Firebase'
        ➜ Explicit dependency on target 'FirebaseAuthInterop' in project 'Firebase'
        ➜ Explicit dependency on target 'FirebaseAuthInternal' in project 'Firebase'
        ➜ Explicit dependency on target 'Firebase' in project 'Firebase'
        ➜ Explicit dependency on target 'FirebaseCoreInternal' in project 'Firebase'
        ➜ Explicit dependency on target 'FirebaseCore' in project 'Firebase'
        ➜ Explicit dependency on target 'FirebaseCoreExtension' in project 'Firebase'
        ➜ Explicit dependency on target 'RecaptchaInterop' in project 'InteropForGoogle'
        ➜ Explicit dependency on target 'GULNSData' in project 'GoogleUtilities'
        ➜ Explicit dependency on target 'GULEnvironment' in project 'GoogleUtilities'
        ➜ Explicit dependency on target 'GULLogger' in project 'GoogleUtilities'
        ➜ Explicit dependency on target 'GULAppDelegateSwizzler' in project 'GoogleUtilities'
        ➜ Explicit dependency on target 'GTMSessionFetcherCore' in project 'GTMSessionFetcher'
    Target 'FirebaseAuth' in project 'Firebase'
        ➜ Explicit dependency on target 'Firebase_FirebaseAuth' in project 'Firebase'
        ➜ Explicit dependency on target 'FirebaseAppCheckInterop' in project 'Firebase'
        ➜ Explicit dependency on target 'FirebaseAuthInterop' in project 'Firebase'
        ➜ Explicit dependency on target 'FirebaseAuthInternal' in project 'Firebase'
        ➜ Explicit dependency on target 'Firebase' in project 'Firebase'
        ➜ Explicit dependency on target 'FirebaseCoreInternal' in project 'Firebase'
        ➜ Explicit dependency on target 'FirebaseCore' in project 'Firebase'
        ➜ Explicit dependency on target 'FirebaseCoreExtension' in project 'Firebase'
        ➜ Explicit dependency on target 'RecaptchaInterop' in project 'InteropForGoogle'
        ➜ Explicit dependency on target 'GULNSData' in project 'GoogleUtilities'
        ➜ Explicit dependency on target 'GULEnvironment' in project 'GoogleUtilities'
        ➜ Explicit dependency on target 'GULLogger' in project 'GoogleUtilities'
        ➜ Explicit dependency on target 'GULAppDelegateSwizzler' in project 'GoogleUtilities'
        ➜ Explicit dependency on target 'GTMSessionFetcherCore' in project 'GTMSessionFetcher'
    Target 'GTMSessionFetcherCore' in project 'GTMSessionFetcher'
        ➜ Explicit dependency on target 'GTMSessionFetcherCore' in project 'GTMSessionFetcher'
        ➜ Explicit dependency on target 'GTMSessionFetcher_GTMSessionFetcherCore' in project 'GTMSessionFetcher'
    Target 'GTMSessionFetcherCore' in project 'GTMSessionFetcher'
        ➜ Explicit dependency on target 'GTMSessionFetcher_GTMSessionFetcherCore' in project 'GTMSessionFetcher'
    Target 'GTMSessionFetcher_GTMSessionFetcherCore' in project 'GTMSessionFetcher' (no dependencies)
    Target 'FirebaseCoreExtension' in project 'Firebase'
        ➜ Explicit dependency on target 'Firebase_FirebaseCoreExtension' in project 'Firebase'
    Target 'Firebase_FirebaseCoreExtension' in project 'Firebase' (no dependencies)
    Target 'FirebaseAuthInternal' in project 'Firebase'
        ➜ Explicit dependency on target 'RecaptchaInterop' in project 'InteropForGoogle'
    Target 'RecaptchaInterop' in project 'InteropForGoogle'
        ➜ Explicit dependency on target 'RecaptchaInterop' in project 'InteropForGoogle'
    Target 'RecaptchaInterop' in project 'InteropForGoogle' (no dependencies)
    Target 'FirebaseAuthInterop' in project 'Firebase' (no dependencies)
    Target 'FirebaseAppCheckInterop' in project 'Firebase' (no dependencies)
    Target 'Firebase_FirebaseAuth' in project 'Firebase' (no dependencies)
    Target 'FirebaseAnalytics' in project 'Firebase'
        ➜ Explicit dependency on target 'FirebaseAnalyticsTarget' in project 'Firebase'
        ➜ Explicit dependency on target 'Firebase' in project 'Firebase'
        ➜ Explicit dependency on target 'FirebaseCoreInternal' in project 'Firebase'
        ➜ Explicit dependency on target 'FirebaseCore' in project 'Firebase'
        ➜ Explicit dependency on target 'FirebaseInstallations' in project 'Firebase'
        ➜ Explicit dependency on target 'FirebaseAnalyticsWrapper' in project 'Firebase'
        ➜ Explicit dependency on target 'GULNSData' in project 'GoogleUtilities'
        ➜ Explicit dependency on target 'GULEnvironment' in project 'GoogleUtilities'
        ➜ Explicit dependency on target 'GULLogger' in project 'GoogleUtilities'
        ➜ Explicit dependency on target 'FBLPromises' in project 'Promises'
        ➜ Explicit dependency on target 'GULUserDefaults' in project 'GoogleUtilities'
        ➜ Explicit dependency on target 'GoogleAppMeasurement' in project 'GoogleAppMeasurement'
        ➜ Explicit dependency on target 'GULAppDelegateSwizzler' in project 'GoogleUtilities'
        ➜ Explicit dependency on target 'GULMethodSwizzler' in project 'GoogleUtilities'
        ➜ Explicit dependency on target 'GULNetwork' in project 'GoogleUtilities'
        ➜ Explicit dependency on target 'nanopb' in project 'nanopb'
    Target 'FirebaseAnalyticsTarget' in project 'Firebase'
        ➜ Explicit dependency on target 'Firebase' in project 'Firebase'
        ➜ Explicit dependency on target 'FirebaseCoreInternal' in project 'Firebase'
        ➜ Explicit dependency on target 'FirebaseCore' in project 'Firebase'
        ➜ Explicit dependency on target 'FirebaseInstallations' in project 'Firebase'
        ➜ Explicit dependency on target 'FirebaseAnalyticsWrapper' in project 'Firebase'
        ➜ Explicit dependency on target 'GULNSData' in project 'GoogleUtilities'
        ➜ Explicit dependency on target 'GULEnvironment' in project 'GoogleUtilities'
        ➜ Explicit dependency on target 'GULLogger' in project 'GoogleUtilities'
        ➜ Explicit dependency on target 'FBLPromises' in project 'Promises'
        ➜ Explicit dependency on target 'GULUserDefaults' in project 'GoogleUtilities'
        ➜ Explicit dependency on target 'GoogleAppMeasurement' in project 'GoogleAppMeasurement'
        ➜ Explicit dependency on target 'GULAppDelegateSwizzler' in project 'GoogleUtilities'
        ➜ Explicit dependency on target 'GULMethodSwizzler' in project 'GoogleUtilities'
        ➜ Explicit dependency on target 'GULNetwork' in project 'GoogleUtilities'
        ➜ Explicit dependency on target 'nanopb' in project 'nanopb'
    Target 'FirebaseAnalyticsWrapper' in project 'Firebase'
        ➜ Explicit dependency on target 'Firebase' in project 'Firebase'
        ➜ Explicit dependency on target 'FirebaseCoreInternal' in project 'Firebase'
        ➜ Explicit dependency on target 'FirebaseCore' in project 'Firebase'
        ➜ Explicit dependency on target 'FirebaseInstallations' in project 'Firebase'
        ➜ Explicit dependency on target 'GULNSData' in project 'GoogleUtilities'
        ➜ Explicit dependency on target 'GULEnvironment' in project 'GoogleUtilities'
        ➜ Explicit dependency on target 'GULLogger' in project 'GoogleUtilities'
        ➜ Explicit dependency on target 'FBLPromises' in project 'Promises'
        ➜ Explicit dependency on target 'GULUserDefaults' in project 'GoogleUtilities'
        ➜ Explicit dependency on target 'GoogleAppMeasurement' in project 'GoogleAppMeasurement'
        ➜ Explicit dependency on target 'GULAppDelegateSwizzler' in project 'GoogleUtilities'
        ➜ Explicit dependency on target 'GULMethodSwizzler' in project 'GoogleUtilities'
        ➜ Explicit dependency on target 'GULNetwork' in project 'GoogleUtilities'
        ➜ Explicit dependency on target 'nanopb' in project 'nanopb'
    Target 'GoogleAppMeasurement' in project 'GoogleAppMeasurement'
        ➜ Explicit dependency on target 'GoogleAppMeasurementTarget' in project 'GoogleAppMeasurement'
        ➜ Explicit dependency on target 'GULAppDelegateSwizzler' in project 'GoogleUtilities'
        ➜ Explicit dependency on target 'GULMethodSwizzler' in project 'GoogleUtilities'
        ➜ Explicit dependency on target 'GULNSData' in project 'GoogleUtilities'
        ➜ Explicit dependency on target 'GULNetwork' in project 'GoogleUtilities'
        ➜ Explicit dependency on target 'GULLogger' in project 'GoogleUtilities'
        ➜ Explicit dependency on target 'GULEnvironment' in project 'GoogleUtilities'
        ➜ Explicit dependency on target 'nanopb' in project 'nanopb'
        ➜ Explicit dependency on target 'GoogleAdsOnDeviceConversion' in project 'GoogleAdsOnDeviceConversion'
    Target 'GoogleAppMeasurementTarget' in project 'GoogleAppMeasurement'
        ➜ Explicit dependency on target 'GULAppDelegateSwizzler' in project 'GoogleUtilities'
        ➜ Explicit dependency on target 'GULMethodSwizzler' in project 'GoogleUtilities'
        ➜ Explicit dependency on target 'GULNSData' in project 'GoogleUtilities'
        ➜ Explicit dependency on target 'GULNetwork' in project 'GoogleUtilities'
        ➜ Explicit dependency on target 'GULLogger' in project 'GoogleUtilities'
        ➜ Explicit dependency on target 'GULEnvironment' in project 'GoogleUtilities'
        ➜ Explicit dependency on target 'nanopb' in project 'nanopb'
        ➜ Explicit dependency on target 'GoogleAdsOnDeviceConversion' in project 'GoogleAdsOnDeviceConversion'
    Target 'GoogleAdsOnDeviceConversion' in project 'GoogleAdsOnDeviceConversion'
        ➜ Explicit dependency on target 'GoogleAdsOnDeviceConversionTarget' in project 'GoogleAdsOnDeviceConversion'
        ➜ Explicit dependency on target 'GULEnvironment' in project 'GoogleUtilities'
        ➜ Explicit dependency on target 'GULLogger' in project 'GoogleUtilities'
        ➜ Explicit dependency on target 'GULNetwork' in project 'GoogleUtilities'
        ➜ Explicit dependency on target 'nanopb' in project 'nanopb'
    Target 'GoogleAdsOnDeviceConversionTarget' in project 'GoogleAdsOnDeviceConversion'
        ➜ Explicit dependency on target 'GULEnvironment' in project 'GoogleUtilities'
        ➜ Explicit dependency on target 'GULLogger' in project 'GoogleUtilities'
        ➜ Explicit dependency on target 'GULNetwork' in project 'GoogleUtilities'
        ➜ Explicit dependency on target 'nanopb' in project 'nanopb'
    Target 'nanopb' in project 'nanopb'
        ➜ Explicit dependency on target 'nanopb' in project 'nanopb'
        ➜ Explicit dependency on target 'nanopb_nanopb' in project 'nanopb'
    Target 'nanopb' in project 'nanopb'
        ➜ Explicit dependency on target 'nanopb_nanopb' in project 'nanopb'
    Target 'nanopb_nanopb' in project 'nanopb' (no dependencies)
    Target 'GULNetwork' in project 'GoogleUtilities'
        ➜ Explicit dependency on target 'GoogleUtilities-Network' in project 'GoogleUtilities'
        ➜ Explicit dependency on target 'GoogleUtilities_GoogleUtilities-Network' in project 'GoogleUtilities'
        ➜ Explicit dependency on target 'third-party-IsAppEncrypted' in project 'GoogleUtilities'
        ➜ Explicit dependency on target 'GoogleUtilities-Environment' in project 'GoogleUtilities'
        ➜ Explicit dependency on target 'GoogleUtilities-Logger' in project 'GoogleUtilities'
        ➜ Explicit dependency on target 'GoogleUtilities-NSData' in project 'GoogleUtilities'
        ➜ Explicit dependency on target 'GoogleUtilities-Reachability' in project 'GoogleUtilities'
    Target 'GULMethodSwizzler' in project 'GoogleUtilities'
        ➜ Explicit dependency on target 'GoogleUtilities-MethodSwizzler' in project 'GoogleUtilities'
        ➜ Explicit dependency on target 'GoogleUtilities_GoogleUtilities-MethodSwizzler' in project 'GoogleUtilities'
        ➜ Explicit dependency on target 'third-party-IsAppEncrypted' in project 'GoogleUtilities'
        ➜ Explicit dependency on target 'GoogleUtilities-Environment' in project 'GoogleUtilities'
        ➜ Explicit dependency on target 'GoogleUtilities-Logger' in project 'GoogleUtilities'
    Target 'GoogleUtilities-MethodSwizzler' in project 'GoogleUtilities'
        ➜ Explicit dependency on target 'GoogleUtilities_GoogleUtilities-MethodSwizzler' in project 'GoogleUtilities'
        ➜ Explicit dependency on target 'third-party-IsAppEncrypted' in project 'GoogleUtilities'
        ➜ Explicit dependency on target 'GoogleUtilities-Environment' in project 'GoogleUtilities'
        ➜ Explicit dependency on target 'GoogleUtilities-Logger' in project 'GoogleUtilities'
    Target 'GoogleUtilities_GoogleUtilities-MethodSwizzler' in project 'GoogleUtilities' (no dependencies)
    Target 'GULAppDelegateSwizzler' in project 'GoogleUtilities'
        ➜ Explicit dependency on target 'GoogleUtilities-AppDelegateSwizzler' in project 'GoogleUtilities'
        ➜ Explicit dependency on target 'GoogleUtilities_GoogleUtilities-AppDelegateSwizzler' in project 'GoogleUtilities'
        ➜ Explicit dependency on target 'third-party-IsAppEncrypted' in project 'GoogleUtilities'
        ➜ Explicit dependency on target 'GoogleUtilities-Environment' in project 'GoogleUtilities'
        ➜ Explicit dependency on target 'GoogleUtilities-Logger' in project 'GoogleUtilities'
        ➜ Explicit dependency on target 'GoogleUtilities-NSData' in project 'GoogleUtilities'
        ➜ Explicit dependency on target 'GoogleUtilities-Reachability' in project 'GoogleUtilities'
        ➜ Explicit dependency on target 'GoogleUtilities-Network' in project 'GoogleUtilities'
    Target 'GoogleUtilities-AppDelegateSwizzler' in project 'GoogleUtilities'
        ➜ Explicit dependency on target 'GoogleUtilities_GoogleUtilities-AppDelegateSwizzler' in project 'GoogleUtilities'
        ➜ Explicit dependency on target 'third-party-IsAppEncrypted' in project 'GoogleUtilities'
        ➜ Explicit dependency on target 'GoogleUtilities-Environment' in project 'GoogleUtilities'
        ➜ Explicit dependency on target 'GoogleUtilities-Logger' in project 'GoogleUtilities'
        ➜ Explicit dependency on target 'GoogleUtilities-NSData' in project 'GoogleUtilities'
        ➜ Explicit dependency on target 'GoogleUtilities-Reachability' in project 'GoogleUtilities'
        ➜ Explicit dependency on target 'GoogleUtilities-Network' in project 'GoogleUtilities'
    Target 'GoogleUtilities-Network' in project 'GoogleUtilities'
        ➜ Explicit dependency on target 'GoogleUtilities_GoogleUtilities-Network' in project 'GoogleUtilities'
        ➜ Explicit dependency on target 'third-party-IsAppEncrypted' in project 'GoogleUtilities'
        ➜ Explicit dependency on target 'GoogleUtilities-Environment' in project 'GoogleUtilities'
        ➜ Explicit dependency on target 'GoogleUtilities-Logger' in project 'GoogleUtilities'
        ➜ Explicit dependency on target 'GoogleUtilities-NSData' in project 'GoogleUtilities'
        ➜ Explicit dependency on target 'GoogleUtilities-Reachability' in project 'GoogleUtilities'
    Target 'GoogleUtilities_GoogleUtilities-Network' in project 'GoogleUtilities' (no dependencies)
    Target 'GoogleUtilities-Reachability' in project 'GoogleUtilities'
        ➜ Explicit dependency on target 'GoogleUtilities_GoogleUtilities-Reachability' in project 'GoogleUtilities'
        ➜ Explicit dependency on target 'third-party-IsAppEncrypted' in project 'GoogleUtilities'
        ➜ Explicit dependency on target 'GoogleUtilities-Environment' in project 'GoogleUtilities'
        ➜ Explicit dependency on target 'GoogleUtilities-Logger' in project 'GoogleUtilities'
    Target 'GoogleUtilities_GoogleUtilities-Reachability' in project 'GoogleUtilities' (no dependencies)
    Target 'GoogleUtilities_GoogleUtilities-AppDelegateSwizzler' in project 'GoogleUtilities' (no dependencies)
    Target 'FirebaseInstallations' in project 'Firebase'
        ➜ Explicit dependency on target 'Firebase_FirebaseInstallations' in project 'Firebase'
        ➜ Explicit dependency on target 'Firebase' in project 'Firebase'
        ➜ Explicit dependency on target 'FirebaseCoreInternal' in project 'Firebase'
        ➜ Explicit dependency on target 'FirebaseCore' in project 'Firebase'
        ➜ Explicit dependency on target 'GULNSData' in project 'GoogleUtilities'
        ➜ Explicit dependency on target 'GULEnvironment' in project 'GoogleUtilities'
        ➜ Explicit dependency on target 'GULLogger' in project 'GoogleUtilities'
        ➜ Explicit dependency on target 'FBLPromises' in project 'Promises'
        ➜ Explicit dependency on target 'GULUserDefaults' in project 'GoogleUtilities'
    Target 'GULUserDefaults' in project 'GoogleUtilities'
        ➜ Explicit dependency on target 'GoogleUtilities-UserDefaults' in project 'GoogleUtilities'
        ➜ Explicit dependency on target 'GoogleUtilities_GoogleUtilities-UserDefaults' in project 'GoogleUtilities'
        ➜ Explicit dependency on target 'third-party-IsAppEncrypted' in project 'GoogleUtilities'
        ➜ Explicit dependency on target 'GoogleUtilities-Environment' in project 'GoogleUtilities'
        ➜ Explicit dependency on target 'GoogleUtilities-Logger' in project 'GoogleUtilities'
    Target 'GoogleUtilities-UserDefaults' in project 'GoogleUtilities'
        ➜ Explicit dependency on target 'GoogleUtilities_GoogleUtilities-UserDefaults' in project 'GoogleUtilities'
        ➜ Explicit dependency on target 'third-party-IsAppEncrypted' in project 'GoogleUtilities'
        ➜ Explicit dependency on target 'GoogleUtilities-Environment' in project 'GoogleUtilities'
        ➜ Explicit dependency on target 'GoogleUtilities-Logger' in project 'GoogleUtilities'
    Target 'GoogleUtilities_GoogleUtilities-UserDefaults' in project 'GoogleUtilities' (no dependencies)
    Target 'FBLPromises' in project 'Promises'
        ➜ Explicit dependency on target 'FBLPromises' in project 'Promises'
        ➜ Explicit dependency on target 'Promises_FBLPromises' in project 'Promises'
    Target 'FBLPromises' in project 'Promises'
        ➜ Explicit dependency on target 'Promises_FBLPromises' in project 'Promises'
    Target 'Promises_FBLPromises' in project 'Promises' (no dependencies)
    Target 'Firebase_FirebaseInstallations' in project 'Firebase' (no dependencies)
    Target 'FirebaseCore' in project 'Firebase'
        ➜ Explicit dependency on target 'Firebase_FirebaseCore' in project 'Firebase'
        ➜ Explicit dependency on target 'Firebase' in project 'Firebase'
        ➜ Explicit dependency on target 'FirebaseCoreInternal' in project 'Firebase'
        ➜ Explicit dependency on target 'GULNSData' in project 'GoogleUtilities'
        ➜ Explicit dependency on target 'GULEnvironment' in project 'GoogleUtilities'
        ➜ Explicit dependency on target 'GULLogger' in project 'GoogleUtilities'
    Target 'GULLogger' in project 'GoogleUtilities'
        ➜ Explicit dependency on target 'GoogleUtilities-Logger' in project 'GoogleUtilities'
        ➜ Explicit dependency on target 'GoogleUtilities_GoogleUtilities-Logger' in project 'GoogleUtilities'
        ➜ Explicit dependency on target 'third-party-IsAppEncrypted' in project 'GoogleUtilities'
        ➜ Explicit dependency on target 'GoogleUtilities-Environment' in project 'GoogleUtilities'
    Target 'GoogleUtilities-Logger' in project 'GoogleUtilities'
        ➜ Explicit dependency on target 'GoogleUtilities_GoogleUtilities-Logger' in project 'GoogleUtilities'
        ➜ Explicit dependency on target 'third-party-IsAppEncrypted' in project 'GoogleUtilities'
        ➜ Explicit dependency on target 'GoogleUtilities-Environment' in project 'GoogleUtilities'
    Target 'GoogleUtilities_GoogleUtilities-Logger' in project 'GoogleUtilities' (no dependencies)
    Target 'GULEnvironment' in project 'GoogleUtilities'
        ➜ Explicit dependency on target 'GoogleUtilities-Environment' in project 'GoogleUtilities'
        ➜ Explicit dependency on target 'GoogleUtilities_GoogleUtilities-Environment' in project 'GoogleUtilities'
        ➜ Explicit dependency on target 'third-party-IsAppEncrypted' in project 'GoogleUtilities'
    Target 'GoogleUtilities-Environment' in project 'GoogleUtilities'
        ➜ Explicit dependency on target 'GoogleUtilities_GoogleUtilities-Environment' in project 'GoogleUtilities'
        ➜ Explicit dependency on target 'third-party-IsAppEncrypted' in project 'GoogleUtilities'
    Target 'third-party-IsAppEncrypted' in project 'GoogleUtilities' (no dependencies)
    Target 'GoogleUtilities_GoogleUtilities-Environment' in project 'GoogleUtilities' (no dependencies)
    Target 'Firebase_FirebaseCore' in project 'Firebase' (no dependencies)
    Target 'FirebaseCoreInternal' in project 'Firebase'
        ➜ Explicit dependency on target 'Firebase_FirebaseCoreInternal' in project 'Firebase'
        ➜ Explicit dependency on target 'GULNSData' in project 'GoogleUtilities'
    Target 'GULNSData' in project 'GoogleUtilities'
        ➜ Explicit dependency on target 'GoogleUtilities-NSData' in project 'GoogleUtilities'
        ➜ Explicit dependency on target 'GoogleUtilities_GoogleUtilities-NSData' in project 'GoogleUtilities'
    Target 'GoogleUtilities-NSData' in project 'GoogleUtilities'
        ➜ Explicit dependency on target 'GoogleUtilities_GoogleUtilities-NSData' in project 'GoogleUtilities'
    Target 'GoogleUtilities_GoogleUtilities-NSData' in project 'GoogleUtilities' (no dependencies)
    Target 'Firebase_FirebaseCoreInternal' in project 'Firebase' (no dependencies)
    Target 'Firebase' in project 'Firebase' (no dependencies)

GatherProvisioningInputs

CreateBuildDescription

ExecuteExternalTool /Applications/Xcode.app/Contents/Developer/Toolchains/XcodeDefault.xctoolchain/usr/bin/clang -v -E -dM -arch arm64 -isysroot /Applications/Xcode.app/Contents/Developer/Platforms/iPhoneSimulator.platform/Developer/SDKs/iPhoneSimulator26.2.sdk -x objective-c -c /dev/null

ExecuteExternalTool /Applications/Xcode.app/Contents/Developer/Toolchains/XcodeDefault.xctoolchain/usr/bin/swiftc --version

ExecuteExternalTool /Applications/Xcode.app/Contents/Developer/Toolchains/XcodeDefault.xctoolchain/usr/bin/clang -v -E -dM -isysroot /Applications/Xcode.app/Contents/Developer/Platforms/iPhoneSimulator.platform/Developer/SDKs/iPhoneSimulator26.2.sdk -x c -c /dev/null

ExecuteExternalTool /Applications/Xcode.app/Contents/Developer/usr/bin/actool --print-asset-tag-combinations --output-format xml1 /Users/shalukahewapatha/Documents/Personal Projects/Lemon App Project/Lemon/Lemon/Assets.xcassets

ExecuteExternalTool /Applications/Xcode.app/Contents/Developer/Toolchains/XcodeDefault.xctoolchain/usr/bin/clang -v -E -dM -arch arm64 -isysroot /Applications/Xcode.app/Contents/Developer/Platforms/iPhoneSimulator.platform/Developer/SDKs/iPhoneSimulator26.2.sdk -x c -c /dev/null

ExecuteExternalTool /Applications/Xcode.app/Contents/Developer/Toolchains/XcodeDefault.xctoolchain/usr/bin/ld -version_details

ExecuteExternalTool /Applications/Xcode.app/Contents/Developer/Toolchains/XcodeDefault.xctoolchain/usr/bin/clang -v -E -dM -arch arm64 -isysroot /Applications/Xcode.app/Contents/Developer/Platforms/iPhoneSimulator.platform/Developer/SDKs/iPhoneSimulator26.2.sdk -x c++ -c /dev/null

ExecuteExternalTool /Applications/Xcode.app/Contents/Developer/Toolchains/XcodeDefault.xctoolchain/usr/bin/clang -v -E -dM -arch arm64 -isysroot /Applications/Xcode.app/Contents/Developer/Platforms/iPhoneSimulator.platform/Developer/SDKs/iPhoneSimulator26.2.sdk -x objective-c++ -c /dev/null

ExecuteExternalTool /Applications/Xcode.app/Contents/Developer/usr/bin/actool --version --output-format xml1

Build description signature: b85fb9d3022aa568ad2fc56a420922bd
Build description path: /Users/shalukahewapatha/Library/Developer/Xcode/DerivedData/Lemon-eoswsefbtkkxlcfdowjxslsyjttt/Build/Intermediates.noindex/XCBuildData/b85fb9d3022aa568ad2fc56a420922bd.xcbuilddata
ClangStatCache /Applications/Xcode.app/Contents/Developer/Toolchains/XcodeDefault.xctoolchain/usr/bin/clang-stat-cache /Applications/Xcode.app/Contents/Developer/Platforms/iPhoneSimulator.platform/Developer/SDKs/iPhoneSimulator26.2.sdk /Users/shalukahewapatha/Library/Developer/Xcode/DerivedData/SDKStatCaches.noindex/iphonesimulator26.2-23C53-7d00a8b37fbd7999ea79df8ebc024bf0.sdkstatcache
    cd /Users/shalukahewapatha/Documents/Personal\ Projects/Lemon\ App\ Project/Lemon/Lemon.xcodeproj
    /Applications/Xcode.app/Contents/Developer/Toolchains/XcodeDefault.xctoolchain/usr/bin/clang-stat-cache /Applications/Xcode.app/Contents/Developer/Platforms/iPhoneSimulator.platform/Developer/SDKs/iPhoneSimulator26.2.sdk -o /Users/shalukahewapatha/Library/Developer/Xcode/DerivedData/SDKStatCaches.noindex/iphonesimulator26.2-23C53-7d00a8b37fbd7999ea79df8ebc024bf0.sdkstatcache

ProcessInfoPlistFile /Users/shalukahewapatha/Library/Developer/Xcode/DerivedData/Lemon-eoswsefbtkkxlcfdowjxslsyjttt/Build/Products/Debug-iphonesimulator/nanopb_nanopb.bundle/Info.plist /Users/shalukahewapatha/Library/Developer/Xcode/DerivedData/Lemon-eoswsefbtkkxlcfdowjxslsyjttt/Build/Intermediates.noindex/nanopb.build/Debug-iphonesimulator/nanopb_nanopb.build/empty-nanopb_nanopb.plist (in target 'nanopb_nanopb' from project 'nanopb')
    cd /Users/shalukahewapatha/Library/Developer/Xcode/DerivedData/Lemon-eoswsefbtkkxlcfdowjxslsyjttt/SourcePackages/checkouts/nanopb
    builtin-infoPlistUtility /Users/shalukahewapatha/Library/Developer/Xcode/DerivedData/Lemon-eoswsefbtkkxlcfdowjxslsyjttt/Build/Intermediates.noindex/nanopb.build/Debug-iphonesimulator/nanopb_nanopb.build/empty-nanopb_nanopb.plist -producttype com.apple.product-type.bundle -expandbuildsettings -format binary -platform iphonesimulator -o /Users/shalukahewapatha/Library/Developer/Xcode/DerivedData/Lemon-eoswsefbtkkxlcfdowjxslsyjttt/Build/Products/Debug-iphonesimulator/nanopb_nanopb.bundle/Info.plist

ProcessInfoPlistFile /Users/shalukahewapatha/Library/Developer/Xcode/DerivedData/Lemon-eoswsefbtkkxlcfdowjxslsyjttt/Build/Products/Debug-iphonesimulator/leveldb_leveldb.bundle/Info.plist /Users/shalukahewapatha/Library/Developer/Xcode/DerivedData/Lemon-eoswsefbtkkxlcfdowjxslsyjttt/Build/Intermediates.noindex/leveldb.build/Debug-iphonesimulator/leveldb_leveldb.build/empty-leveldb_leveldb.plist (in target 'leveldb_leveldb' from project 'leveldb')
    cd /Users/shalukahewapatha/Library/Developer/Xcode/DerivedData/Lemon-eoswsefbtkkxlcfdowjxslsyjttt/SourcePackages/checkouts/leveldb
    builtin-infoPlistUtility /Users/shalukahewapatha/Library/Developer/Xcode/DerivedData/Lemon-eoswsefbtkkxlcfdowjxslsyjttt/Build/Intermediates.noindex/leveldb.build/Debug-iphonesimulator/leveldb_leveldb.build/empty-leveldb_leveldb.plist -producttype com.apple.product-type.bundle -expandbuildsettings -format binary -platform iphonesimulator -o /Users/shalukahewapatha/Library/Developer/Xcode/DerivedData/Lemon-eoswsefbtkkxlcfdowjxslsyjttt/Build/Products/Debug-iphonesimulator/leveldb_leveldb.bundle/Info.plist

ProcessInfoPlistFile /Users/shalukahewapatha/Library/Developer/Xcode/DerivedData/Lemon-eoswsefbtkkxlcfdowjxslsyjttt/Build/Products/Debug-iphonesimulator/gRPC_grpcppWrapper.bundle/Info.plist /Users/shalukahewapatha/Library/Developer/Xcode/DerivedData/Lemon-eoswsefbtkkxlcfdowjxslsyjttt/Build/Intermediates.noindex/gRPC.build/Debug-iphonesimulator/gRPC_grpcppWrapper.build/empty-gRPC_grpcppWrapper.plist (in target 'gRPC_grpcppWrapper' from project 'gRPC')
    cd /Users/shalukahewapatha/Library/Developer/Xcode/DerivedData/Lemon-eoswsefbtkkxlcfdowjxslsyjttt/SourcePackages/checkouts/grpc-binary
    builtin-infoPlistUtility /Users/shalukahewapatha/Library/Developer/Xcode/DerivedData/Lemon-eoswsefbtkkxlcfdowjxslsyjttt/Build/Intermediates.noindex/gRPC.build/Debug-iphonesimulator/gRPC_grpcppWrapper.build/empty-gRPC_grpcppWrapper.plist -producttype com.apple.product-type.bundle -expandbuildsettings -format binary -platform iphonesimulator -o /Users/shalukahewapatha/Library/Developer/Xcode/DerivedData/Lemon-eoswsefbtkkxlcfdowjxslsyjttt/Build/Products/Debug-iphonesimulator/gRPC_grpcppWrapper.bundle/Info.plist

ProcessInfoPlistFile /Users/shalukahewapatha/Library/Developer/Xcode/DerivedData/Lemon-eoswsefbtkkxlcfdowjxslsyjttt/Build/Products/Debug-iphonesimulator/GoogleUtilities_GoogleUtilities-NSData.bundle/Info.plist /Users/shalukahewapatha/Library/Developer/Xcode/DerivedData/Lemon-eoswsefbtkkxlcfdowjxslsyjttt/Build/Intermediates.noindex/GoogleUtilities.build/Debug-iphonesimulator/GoogleUtilities_GoogleUtilities-NSData.build/empty-GoogleUtilities_GoogleUtilities-NSData.plist (in target 'GoogleUtilities_GoogleUtilities-NSData' from project 'GoogleUtilities')
    cd /Users/shalukahewapatha/Library/Developer/Xcode/DerivedData/Lemon-eoswsefbtkkxlcfdowjxslsyjttt/SourcePackages/checkouts/GoogleUtilities
    builtin-infoPlistUtility /Users/shalukahewapatha/Library/Developer/Xcode/DerivedData/Lemon-eoswsefbtkkxlcfdowjxslsyjttt/Build/Intermediates.noindex/GoogleUtilities.build/Debug-iphonesimulator/GoogleUtilities_GoogleUtilities-NSData.build/empty-GoogleUtilities_GoogleUtilities-NSData.plist -producttype com.apple.product-type.bundle -expandbuildsettings -format binary -platform iphonesimulator -o /Users/shalukahewapatha/Library/Developer/Xcode/DerivedData/Lemon-eoswsefbtkkxlcfdowjxslsyjttt/Build/Products/Debug-iphonesimulator/GoogleUtilities_GoogleUtilities-NSData.bundle/Info.plist

ProcessInfoPlistFile /Users/shalukahewapatha/Library/Developer/Xcode/DerivedData/Lemon-eoswsefbtkkxlcfdowjxslsyjttt/Build/Products/Debug-iphonesimulator/abseil_abslWrapper.bundle/Info.plist /Users/shalukahewapatha/Library/Developer/Xcode/DerivedData/Lemon-eoswsefbtkkxlcfdowjxslsyjttt/Build/Intermediates.noindex/abseil.build/Debug-iphonesimulator/abseil_abslWrapper.build/empty-abseil_abslWrapper.plist (in target 'abseil_abslWrapper' from project 'abseil')
    cd /Users/shalukahewapatha/Library/Developer/Xcode/DerivedData/Lemon-eoswsefbtkkxlcfdowjxslsyjttt/SourcePackages/checkouts/abseil-cpp-binary
    builtin-infoPlistUtility /Users/shalukahewapatha/Library/Developer/Xcode/DerivedData/Lemon-eoswsefbtkkxlcfdowjxslsyjttt/Build/Intermediates.noindex/abseil.build/Debug-iphonesimulator/abseil_abslWrapper.build/empty-abseil_abslWrapper.plist -producttype com.apple.product-type.bundle -expandbuildsettings -format binary -platform iphonesimulator -o /Users/shalukahewapatha/Library/Developer/Xcode/DerivedData/Lemon-eoswsefbtkkxlcfdowjxslsyjttt/Build/Products/Debug-iphonesimulator/abseil_abslWrapper.bundle/Info.plist

ProcessInfoPlistFile /Users/shalukahewapatha/Library/Developer/Xcode/DerivedData/Lemon-eoswsefbtkkxlcfdowjxslsyjttt/Build/Products/Debug-iphonesimulator/Promises_FBLPromises.bundle/Info.plist /Users/shalukahewapatha/Library/Developer/Xcode/DerivedData/Lemon-eoswsefbtkkxlcfdowjxslsyjttt/Build/Intermediates.noindex/Promises.build/Debug-iphonesimulator/Promises_FBLPromises.build/empty-Promises_FBLPromises.plist (in target 'Promises_FBLPromises' from project 'Promises')
    cd /Users/shalukahewapatha/Library/Developer/Xcode/DerivedData/Lemon-eoswsefbtkkxlcfdowjxslsyjttt/SourcePackages/checkouts/promises
    builtin-infoPlistUtility /Users/shalukahewapatha/Library/Developer/Xcode/DerivedData/Lemon-eoswsefbtkkxlcfdowjxslsyjttt/Build/Intermediates.noindex/Promises.build/Debug-iphonesimulator/Promises_FBLPromises.build/empty-Promises_FBLPromises.plist -producttype com.apple.product-type.bundle -expandbuildsettings -format binary -platform iphonesimulator -o /Users/shalukahewapatha/Library/Developer/Xcode/DerivedData/Lemon-eoswsefbtkkxlcfdowjxslsyjttt/Build/Products/Debug-iphonesimulator/Promises_FBLPromises.bundle/Info.plist

ProcessInfoPlistFile /Users/shalukahewapatha/Library/Developer/Xcode/DerivedData/Lemon-eoswsefbtkkxlcfdowjxslsyjttt/Build/Products/Debug-iphonesimulator/GoogleUtilities_GoogleUtilities-UserDefaults.bundle/Info.plist /Users/shalukahewapatha/Library/Developer/Xcode/DerivedData/Lemon-eoswsefbtkkxlcfdowjxslsyjttt/Build/Intermediates.noindex/GoogleUtilities.build/Debug-iphonesimulator/GoogleUtilities_GoogleUtilities-UserDefaults.build/empty-GoogleUtilities_GoogleUtilities-UserDefaults.plist (in target 'GoogleUtilities_GoogleUtilities-UserDefaults' from project 'GoogleUtilities')
    cd /Users/shalukahewapatha/Library/Developer/Xcode/DerivedData/Lemon-eoswsefbtkkxlcfdowjxslsyjttt/SourcePackages/checkouts/GoogleUtilities
    builtin-infoPlistUtility /Users/shalukahewapatha/Library/Developer/Xcode/DerivedData/Lemon-eoswsefbtkkxlcfdowjxslsyjttt/Build/Intermediates.noindex/GoogleUtilities.build/Debug-iphonesimulator/GoogleUtilities_GoogleUtilities-UserDefaults.build/empty-GoogleUtilities_GoogleUtilities-UserDefaults.plist -producttype com.apple.product-type.bundle -expandbuildsettings -format binary -platform iphonesimulator -o /Users/shalukahewapatha/Library/Developer/Xcode/DerivedData/Lemon-eoswsefbtkkxlcfdowjxslsyjttt/Build/Products/Debug-iphonesimulator/GoogleUtilities_GoogleUtilities-UserDefaults.bundle/Info.plist

ProcessInfoPlistFile /Users/shalukahewapatha/Library/Developer/Xcode/DerivedData/Lemon-eoswsefbtkkxlcfdowjxslsyjttt/Build/Products/Debug-iphonesimulator/GoogleSignIn_GoogleSignIn.bundle/Info.plist /Users/shalukahewapatha/Library/Developer/Xcode/DerivedData/Lemon-eoswsefbtkkxlcfdowjxslsyjttt/Build/Intermediates.noindex/GoogleSignIn.build/Debug-iphonesimulator/GoogleSignIn_GoogleSignIn.build/empty-GoogleSignIn_GoogleSignIn.plist (in target 'GoogleSignIn_GoogleSignIn' from project 'GoogleSignIn')
    cd /Users/shalukahewapatha/Library/Developer/Xcode/DerivedData/Lemon-eoswsefbtkkxlcfdowjxslsyjttt/SourcePackages/checkouts/GoogleSignIn-iOS
    builtin-infoPlistUtility /Users/shalukahewapatha/Library/Developer/Xcode/DerivedData/Lemon-eoswsefbtkkxlcfdowjxslsyjttt/Build/Intermediates.noindex/GoogleSignIn.build/Debug-iphonesimulator/GoogleSignIn_GoogleSignIn.build/empty-GoogleSignIn_GoogleSignIn.plist -producttype com.apple.product-type.bundle -expandbuildsettings -format binary -platform iphonesimulator -o /Users/shalukahewapatha/Library/Developer/Xcode/DerivedData/Lemon-eoswsefbtkkxlcfdowjxslsyjttt/Build/Products/Debug-iphonesimulator/GoogleSignIn_GoogleSignIn.bundle/Info.plist

ProcessInfoPlistFile /Users/shalukahewapatha/Library/Developer/Xcode/DerivedData/Lemon-eoswsefbtkkxlcfdowjxslsyjttt/Build/Products/Debug-iphonesimulator/GoogleSignIn_GoogleSignInSwift.bundle/Info.plist /Users/shalukahewapatha/Library/Developer/Xcode/DerivedData/Lemon-eoswsefbtkkxlcfdowjxslsyjttt/Build/Intermediates.noindex/GoogleSignIn.build/Debug-iphonesimulator/GoogleSignIn_GoogleSignInSwift.build/empty-GoogleSignIn_GoogleSignInSwift.plist (in target 'GoogleSignIn_GoogleSignInSwift' from project 'GoogleSignIn')
    cd /Users/shalukahewapatha/Library/Developer/Xcode/DerivedData/Lemon-eoswsefbtkkxlcfdowjxslsyjttt/SourcePackages/checkouts/GoogleSignIn-iOS
    builtin-infoPlistUtility /Users/shalukahewapatha/Library/Developer/Xcode/DerivedData/Lemon-eoswsefbtkkxlcfdowjxslsyjttt/Build/Intermediates.noindex/GoogleSignIn.build/Debug-iphonesimulator/GoogleSignIn_GoogleSignInSwift.build/empty-GoogleSignIn_GoogleSignInSwift.plist -producttype com.apple.product-type.bundle -expandbuildsettings -format binary -platform iphonesimulator -o /Users/shalukahewapatha/Library/Developer/Xcode/DerivedData/Lemon-eoswsefbtkkxlcfdowjxslsyjttt/Build/Products/Debug-iphonesimulator/GoogleSignIn_GoogleSignInSwift.bundle/Info.plist

ProcessInfoPlistFile /Users/shalukahewapatha/Library/Developer/Xcode/DerivedData/Lemon-eoswsefbtkkxlcfdowjxslsyjttt/Build/Products/Debug-iphonesimulator/gRPC_opensslWrapper.bundle/Info.plist /Users/shalukahewapatha/Library/Developer/Xcode/DerivedData/Lemon-eoswsefbtkkxlcfdowjxslsyjttt/Build/Intermediates.noindex/gRPC.build/Debug-iphonesimulator/gRPC_opensslWrapper.build/empty-gRPC_opensslWrapper.plist (in target 'gRPC_opensslWrapper' from project 'gRPC')
    cd /Users/shalukahewapatha/Library/Developer/Xcode/DerivedData/Lemon-eoswsefbtkkxlcfdowjxslsyjttt/SourcePackages/checkouts/grpc-binary
    builtin-infoPlistUtility /Users/shalukahewapatha/Library/Developer/Xcode/DerivedData/Lemon-eoswsefbtkkxlcfdowjxslsyjttt/Build/Intermediates.noindex/gRPC.build/Debug-iphonesimulator/gRPC_opensslWrapper.build/empty-gRPC_opensslWrapper.plist -producttype com.apple.product-type.bundle -expandbuildsettings -format binary -platform iphonesimulator -o /Users/shalukahewapatha/Library/Developer/Xcode/DerivedData/Lemon-eoswsefbtkkxlcfdowjxslsyjttt/Build/Products/Debug-iphonesimulator/gRPC_opensslWrapper.bundle/Info.plist

ProcessInfoPlistFile /Users/shalukahewapatha/Library/Developer/Xcode/DerivedData/Lemon-eoswsefbtkkxlcfdowjxslsyjttt/Build/Products/Debug-iphonesimulator/gRPC_grpcWrapper.bundle/Info.plist /Users/shalukahewapatha/Library/Developer/Xcode/DerivedData/Lemon-eoswsefbtkkxlcfdowjxslsyjttt/Build/Intermediates.noindex/gRPC.build/Debug-iphonesimulator/gRPC_grpcWrapper.build/empty-gRPC_grpcWrapper.plist (in target 'gRPC_grpcWrapper' from project 'gRPC')
    cd /Users/shalukahewapatha/Library/Developer/Xcode/DerivedData/Lemon-eoswsefbtkkxlcfdowjxslsyjttt/SourcePackages/checkouts/grpc-binary
    builtin-infoPlistUtility /Users/shalukahewapatha/Library/Developer/Xcode/DerivedData/Lemon-eoswsefbtkkxlcfdowjxslsyjttt/Build/Intermediates.noindex/gRPC.build/Debug-iphonesimulator/gRPC_grpcWrapper.build/empty-gRPC_grpcWrapper.plist -producttype com.apple.product-type.bundle -expandbuildsettings -format binary -platform iphonesimulator -o /Users/shalukahewapatha/Library/Developer/Xcode/DerivedData/Lemon-eoswsefbtkkxlcfdowjxslsyjttt/Build/Products/Debug-iphonesimulator/gRPC_grpcWrapper.bundle/Info.plist

ProcessInfoPlistFile /Users/shalukahewapatha/Library/Developer/Xcode/DerivedData/Lemon-eoswsefbtkkxlcfdowjxslsyjttt/Build/Products/Debug-iphonesimulator/GoogleUtilities_GoogleUtilities-Network.bundle/Info.plist /Users/shalukahewapatha/Library/Developer/Xcode/DerivedData/Lemon-eoswsefbtkkxlcfdowjxslsyjttt/Build/Intermediates.noindex/GoogleUtilities.build/Debug-iphonesimulator/GoogleUtilities_GoogleUtilities-Network.build/empty-GoogleUtilities_GoogleUtilities-Network.plist (in target 'GoogleUtilities_GoogleUtilities-Network' from project 'GoogleUtilities')
    cd /Users/shalukahewapatha/Library/Developer/Xcode/DerivedData/Lemon-eoswsefbtkkxlcfdowjxslsyjttt/SourcePackages/checkouts/GoogleUtilities
    builtin-infoPlistUtility /Users/shalukahewapatha/Library/Developer/Xcode/DerivedData/Lemon-eoswsefbtkkxlcfdowjxslsyjttt/Build/Intermediates.noindex/GoogleUtilities.build/Debug-iphonesimulator/GoogleUtilities_GoogleUtilities-Network.build/empty-GoogleUtilities_GoogleUtilities-Network.plist -producttype com.apple.product-type.bundle -expandbuildsettings -format binary -platform iphonesimulator -o /Users/shalukahewapatha/Library/Developer/Xcode/DerivedData/Lemon-eoswsefbtkkxlcfdowjxslsyjttt/Build/Products/Debug-iphonesimulator/GoogleUtilities_GoogleUtilities-Network.bundle/Info.plist

ProcessInfoPlistFile /Users/shalukahewapatha/Library/Developer/Xcode/DerivedData/Lemon-eoswsefbtkkxlcfdowjxslsyjttt/Build/Products/Debug-iphonesimulator/GoogleUtilities_GoogleUtilities-Reachability.bundle/Info.plist /Users/shalukahewapatha/Library/Developer/Xcode/DerivedData/Lemon-eoswsefbtkkxlcfdowjxslsyjttt/Build/Intermediates.noindex/GoogleUtilities.build/Debug-iphonesimulator/GoogleUtilities_GoogleUtilities-Reachability.build/empty-GoogleUtilities_GoogleUtilities-Reachability.plist (in target 'GoogleUtilities_GoogleUtilities-Reachability' from project 'GoogleUtilities')
    cd /Users/shalukahewapatha/Library/Developer/Xcode/DerivedData/Lemon-eoswsefbtkkxlcfdowjxslsyjttt/SourcePackages/checkouts/GoogleUtilities
    builtin-infoPlistUtility /Users/shalukahewapatha/Library/Developer/Xcode/DerivedData/Lemon-eoswsefbtkkxlcfdowjxslsyjttt/Build/Intermediates.noindex/GoogleUtilities.build/Debug-iphonesimulator/GoogleUtilities_GoogleUtilities-Reachability.build/empty-GoogleUtilities_GoogleUtilities-Reachability.plist -producttype com.apple.product-type.bundle -expandbuildsettings -format binary -platform iphonesimulator -o /Users/shalukahewapatha/Library/Developer/Xcode/DerivedData/Lemon-eoswsefbtkkxlcfdowjxslsyjttt/Build/Products/Debug-iphonesimulator/GoogleUtilities_GoogleUtilities-Reachability.bundle/Info.plist

ProcessInfoPlistFile /Users/shalukahewapatha/Library/Developer/Xcode/DerivedData/Lemon-eoswsefbtkkxlcfdowjxslsyjttt/Build/Products/Debug-iphonesimulator/GoogleUtilities_GoogleUtilities-MethodSwizzler.bundle/Info.plist /Users/shalukahewapatha/Library/Developer/Xcode/DerivedData/Lemon-eoswsefbtkkxlcfdowjxslsyjttt/Build/Intermediates.noindex/GoogleUtilities.build/Debug-iphonesimulator/GoogleUtilities_GoogleUtilities-MethodSwizzler.build/empty-GoogleUtilities_GoogleUtilities-MethodSwizzler.plist (in target 'GoogleUtilities_GoogleUtilities-MethodSwizzler' from project 'GoogleUtilities')
    cd /Users/shalukahewapatha/Library/Developer/Xcode/DerivedData/Lemon-eoswsefbtkkxlcfdowjxslsyjttt/SourcePackages/checkouts/GoogleUtilities
    builtin-infoPlistUtility /Users/shalukahewapatha/Library/Developer/Xcode/DerivedData/Lemon-eoswsefbtkkxlcfdowjxslsyjttt/Build/Intermediates.noindex/GoogleUtilities.build/Debug-iphonesimulator/GoogleUtilities_GoogleUtilities-MethodSwizzler.build/empty-GoogleUtilities_GoogleUtilities-MethodSwizzler.plist -producttype com.apple.product-type.bundle -expandbuildsettings -format binary -platform iphonesimulator -o /Users/shalukahewapatha/Library/Developer/Xcode/DerivedData/Lemon-eoswsefbtkkxlcfdowjxslsyjttt/Build/Products/Debug-iphonesimulator/GoogleUtilities_GoogleUtilities-MethodSwizzler.bundle/Info.plist

ProcessInfoPlistFile /Users/shalukahewapatha/Library/Developer/Xcode/DerivedData/Lemon-eoswsefbtkkxlcfdowjxslsyjttt/Build/Products/Debug-iphonesimulator/GoogleUtilities_GoogleUtilities-Logger.bundle/Info.plist /Users/shalukahewapatha/Library/Developer/Xcode/DerivedData/Lemon-eoswsefbtkkxlcfdowjxslsyjttt/Build/Intermediates.noindex/GoogleUtilities.build/Debug-iphonesimulator/GoogleUtilities_GoogleUtilities-Logger.build/empty-GoogleUtilities_GoogleUtilities-Logger.plist (in target 'GoogleUtilities_GoogleUtilities-Logger' from project 'GoogleUtilities')
    cd /Users/shalukahewapatha/Library/Developer/Xcode/DerivedData/Lemon-eoswsefbtkkxlcfdowjxslsyjttt/SourcePackages/checkouts/GoogleUtilities
    builtin-infoPlistUtility /Users/shalukahewapatha/Library/Developer/Xcode/DerivedData/Lemon-eoswsefbtkkxlcfdowjxslsyjttt/Build/Intermediates.noindex/GoogleUtilities.build/Debug-iphonesimulator/GoogleUtilities_GoogleUtilities-Logger.build/empty-GoogleUtilities_GoogleUtilities-Logger.plist -producttype com.apple.product-type.bundle -expandbuildsettings -format binary -platform iphonesimulator -o /Users/shalukahewapatha/Library/Developer/Xcode/DerivedData/Lemon-eoswsefbtkkxlcfdowjxslsyjttt/Build/Products/Debug-iphonesimulator/GoogleUtilities_GoogleUtilities-Logger.bundle/Info.plist

ProcessInfoPlistFile /Users/shalukahewapatha/Library/Developer/Xcode/DerivedData/Lemon-eoswsefbtkkxlcfdowjxslsyjttt/Build/Products/Debug-iphonesimulator/GoogleUtilities_GoogleUtilities-Environment.bundle/Info.plist /Users/shalukahewapatha/Library/Developer/Xcode/DerivedData/Lemon-eoswsefbtkkxlcfdowjxslsyjttt/Build/Intermediates.noindex/GoogleUtilities.build/Debug-iphonesimulator/GoogleUtilities_GoogleUtilities-Environment.build/empty-GoogleUtilities_GoogleUtilities-Environment.plist (in target 'GoogleUtilities_GoogleUtilities-Environment' from project 'GoogleUtilities')
    cd /Users/shalukahewapatha/Library/Developer/Xcode/DerivedData/Lemon-eoswsefbtkkxlcfdowjxslsyjttt/SourcePackages/checkouts/GoogleUtilities
    builtin-infoPlistUtility /Users/shalukahewapatha/Library/Developer/Xcode/DerivedData/Lemon-eoswsefbtkkxlcfdowjxslsyjttt/Build/Intermediates.noindex/GoogleUtilities.build/Debug-iphonesimulator/GoogleUtilities_GoogleUtilities-Environment.build/empty-GoogleUtilities_GoogleUtilities-Environment.plist -producttype com.apple.product-type.bundle -expandbuildsettings -format binary -platform iphonesimulator -o /Users/shalukahewapatha/Library/Developer/Xcode/DerivedData/Lemon-eoswsefbtkkxlcfdowjxslsyjttt/Build/Products/Debug-iphonesimulator/GoogleUtilities_GoogleUtilities-Environment.bundle/Info.plist

ProcessInfoPlistFile /Users/shalukahewapatha/Library/Developer/Xcode/DerivedData/Lemon-eoswsefbtkkxlcfdowjxslsyjttt/Build/Products/Debug-iphonesimulator/GoogleUtilities_GoogleUtilities-AppDelegateSwizzler.bundle/Info.plist /Users/shalukahewapatha/Library/Developer/Xcode/DerivedData/Lemon-eoswsefbtkkxlcfdowjxslsyjttt/Build/Intermediates.noindex/GoogleUtilities.build/Debug-iphonesimulator/GoogleUtilities_GoogleUtilities-AppDelegateSwizzler.build/empty-GoogleUtilities_GoogleUtilities-AppDelegateSwizzler.plist (in target 'GoogleUtilities_GoogleUtilities-AppDelegateSwizzler' from project 'GoogleUtilities')
    cd /Users/shalukahewapatha/Library/Developer/Xcode/DerivedData/Lemon-eoswsefbtkkxlcfdowjxslsyjttt/SourcePackages/checkouts/GoogleUtilities
    builtin-infoPlistUtility /Users/shalukahewapatha/Library/Developer/Xcode/DerivedData/Lemon-eoswsefbtkkxlcfdowjxslsyjttt/Build/Intermediates.noindex/GoogleUtilities.build/Debug-iphonesimulator/GoogleUtilities_GoogleUtilities-AppDelegateSwizzler.build/empty-GoogleUtilities_GoogleUtilities-AppDelegateSwizzler.plist -producttype com.apple.product-type.bundle -expandbuildsettings -format binary -platform iphonesimulator -o /Users/shalukahewapatha/Library/Developer/Xcode/DerivedData/Lemon-eoswsefbtkkxlcfdowjxslsyjttt/Build/Products/Debug-iphonesimulator/GoogleUtilities_GoogleUtilities-AppDelegateSwizzler.bundle/Info.plist

ProcessInfoPlistFile /Users/shalukahewapatha/Library/Developer/Xcode/DerivedData/Lemon-eoswsefbtkkxlcfdowjxslsyjttt/Build/Products/Debug-iphonesimulator/GTMSessionFetcher_GTMSessionFetcherCore.bundle/Info.plist /Users/shalukahewapatha/Library/Developer/Xcode/DerivedData/Lemon-eoswsefbtkkxlcfdowjxslsyjttt/Build/Intermediates.noindex/GTMSessionFetcher.build/Debug-iphonesimulator/GTMSessionFetcher_GTMSessionFetcherCore.build/empty-GTMSessionFetcher_GTMSessionFetcherCore.plist (in target 'GTMSessionFetcher_GTMSessionFetcherCore' from project 'GTMSessionFetcher')
    cd /Users/shalukahewapatha/Library/Developer/Xcode/DerivedData/Lemon-eoswsefbtkkxlcfdowjxslsyjttt/SourcePackages/checkouts/gtm-session-fetcher
    builtin-infoPlistUtility /Users/shalukahewapatha/Library/Developer/Xcode/DerivedData/Lemon-eoswsefbtkkxlcfdowjxslsyjttt/Build/Intermediates.noindex/GTMSessionFetcher.build/Debug-iphonesimulator/GTMSessionFetcher_GTMSessionFetcherCore.build/empty-GTMSessionFetcher_GTMSessionFetcherCore.plist -producttype com.apple.product-type.bundle -expandbuildsettings -format binary -platform iphonesimulator -o /Users/shalukahewapatha/Library/Developer/Xcode/DerivedData/Lemon-eoswsefbtkkxlcfdowjxslsyjttt/Build/Products/Debug-iphonesimulator/GTMSessionFetcher_GTMSessionFetcherCore.bundle/Info.plist

ProcessInfoPlistFile /Users/shalukahewapatha/Library/Developer/Xcode/DerivedData/Lemon-eoswsefbtkkxlcfdowjxslsyjttt/Build/Products/Debug-iphonesimulator/GTMAppAuth_GTMAppAuth.bundle/Info.plist /Users/shalukahewapatha/Library/Developer/Xcode/DerivedData/Lemon-eoswsefbtkkxlcfdowjxslsyjttt/Build/Intermediates.noindex/GTMAppAuth.build/Debug-iphonesimulator/GTMAppAuth_GTMAppAuth.build/empty-GTMAppAuth_GTMAppAuth.plist (in target 'GTMAppAuth_GTMAppAuth' from project 'GTMAppAuth')
    cd /Users/shalukahewapatha/Library/Developer/Xcode/DerivedData/Lemon-eoswsefbtkkxlcfdowjxslsyjttt/SourcePackages/checkouts/GTMAppAuth
    builtin-infoPlistUtility /Users/shalukahewapatha/Library/Developer/Xcode/DerivedData/Lemon-eoswsefbtkkxlcfdowjxslsyjttt/Build/Intermediates.noindex/GTMAppAuth.build/Debug-iphonesimulator/GTMAppAuth_GTMAppAuth.build/empty-GTMAppAuth_GTMAppAuth.plist -producttype com.apple.product-type.bundle -expandbuildsettings -format binary -platform iphonesimulator -o /Users/shalukahewapatha/Library/Developer/Xcode/DerivedData/Lemon-eoswsefbtkkxlcfdowjxslsyjttt/Build/Products/Debug-iphonesimulator/GTMAppAuth_GTMAppAuth.bundle/Info.plist

ProcessInfoPlistFile /Users/shalukahewapatha/Library/Developer/Xcode/DerivedData/Lemon-eoswsefbtkkxlcfdowjxslsyjttt/Build/Products/Debug-iphonesimulator/Firebase_FirebaseInstallations.bundle/Info.plist /Users/shalukahewapatha/Library/Developer/Xcode/DerivedData/Lemon-eoswsefbtkkxlcfdowjxslsyjttt/Build/Intermediates.noindex/Firebase.build/Debug-iphonesimulator/Firebase_FirebaseInstallations.build/empty-Firebase_FirebaseInstallations.plist (in target 'Firebase_FirebaseInstallations' from project 'Firebase')
    cd /Users/shalukahewapatha/Library/Developer/Xcode/DerivedData/Lemon-eoswsefbtkkxlcfdowjxslsyjttt/SourcePackages/checkouts/firebase-ios-sdk
    builtin-infoPlistUtility /Users/shalukahewapatha/Library/Developer/Xcode/DerivedData/Lemon-eoswsefbtkkxlcfdowjxslsyjttt/Build/Intermediates.noindex/Firebase.build/Debug-iphonesimulator/Firebase_FirebaseInstallations.build/empty-Firebase_FirebaseInstallations.plist -producttype com.apple.product-type.bundle -expandbuildsettings -format binary -platform iphonesimulator -o /Users/shalukahewapatha/Library/Developer/Xcode/DerivedData/Lemon-eoswsefbtkkxlcfdowjxslsyjttt/Build/Products/Debug-iphonesimulator/Firebase_FirebaseInstallations.bundle/Info.plist

ProcessInfoPlistFile /Users/shalukahewapatha/Library/Developer/Xcode/DerivedData/Lemon-eoswsefbtkkxlcfdowjxslsyjttt/Build/Products/Debug-iphonesimulator/Firebase_FirebaseFirestore.bundle/Info.plist /Users/shalukahewapatha/Library/Developer/Xcode/DerivedData/Lemon-eoswsefbtkkxlcfdowjxslsyjttt/Build/Intermediates.noindex/Firebase.build/Debug-iphonesimulator/Firebase_FirebaseFirestore.build/empty-Firebase_FirebaseFirestore.plist (in target 'Firebase_FirebaseFirestore' from project 'Firebase')
    cd /Users/shalukahewapatha/Library/Developer/Xcode/DerivedData/Lemon-eoswsefbtkkxlcfdowjxslsyjttt/SourcePackages/checkouts/firebase-ios-sdk
    builtin-infoPlistUtility /Users/shalukahewapatha/Library/Developer/Xcode/DerivedData/Lemon-eoswsefbtkkxlcfdowjxslsyjttt/Build/Intermediates.noindex/Firebase.build/Debug-iphonesimulator/Firebase_FirebaseFirestore.build/empty-Firebase_FirebaseFirestore.plist -producttype com.apple.product-type.bundle -expandbuildsettings -format binary -platform iphonesimulator -o /Users/shalukahewapatha/Library/Developer/Xcode/DerivedData/Lemon-eoswsefbtkkxlcfdowjxslsyjttt/Build/Products/Debug-iphonesimulator/Firebase_FirebaseFirestore.bundle/Info.plist

ProcessInfoPlistFile /Users/shalukahewapatha/Library/Developer/Xcode/DerivedData/Lemon-eoswsefbtkkxlcfdowjxslsyjttt/Build/Products/Debug-iphonesimulator/Firebase_FirebaseCoreInternal.bundle/Info.plist /Users/shalukahewapatha/Library/Developer/Xcode/DerivedData/Lemon-eoswsefbtkkxlcfdowjxslsyjttt/Build/Intermediates.noindex/Firebase.build/Debug-iphonesimulator/Firebase_FirebaseCoreInternal.build/empty-Firebase_FirebaseCoreInternal.plist (in target 'Firebase_FirebaseCoreInternal' from project 'Firebase')
    cd /Users/shalukahewapatha/Library/Developer/Xcode/DerivedData/Lemon-eoswsefbtkkxlcfdowjxslsyjttt/SourcePackages/checkouts/firebase-ios-sdk
    builtin-infoPlistUtility /Users/shalukahewapatha/Library/Developer/Xcode/DerivedData/Lemon-eoswsefbtkkxlcfdowjxslsyjttt/Build/Intermediates.noindex/Firebase.build/Debug-iphonesimulator/Firebase_FirebaseCoreInternal.build/empty-Firebase_FirebaseCoreInternal.plist -producttype com.apple.product-type.bundle -expandbuildsettings -format binary -platform iphonesimulator -o /Users/shalukahewapatha/Library/Developer/Xcode/DerivedData/Lemon-eoswsefbtkkxlcfdowjxslsyjttt/Build/Products/Debug-iphonesimulator/Firebase_FirebaseCoreInternal.bundle/Info.plist

ProcessInfoPlistFile /Users/shalukahewapatha/Library/Developer/Xcode/DerivedData/Lemon-eoswsefbtkkxlcfdowjxslsyjttt/Build/Products/Debug-iphonesimulator/Firebase_FirebaseCoreExtension.bundle/Info.plist /Users/shalukahewapatha/Library/Developer/Xcode/DerivedData/Lemon-eoswsefbtkkxlcfdowjxslsyjttt/Build/Intermediates.noindex/Firebase.build/Debug-iphonesimulator/Firebase_FirebaseCoreExtension.build/empty-Firebase_FirebaseCoreExtension.plist (in target 'Firebase_FirebaseCoreExtension' from project 'Firebase')
    cd /Users/shalukahewapatha/Library/Developer/Xcode/DerivedData/Lemon-eoswsefbtkkxlcfdowjxslsyjttt/SourcePackages/checkouts/firebase-ios-sdk
    builtin-infoPlistUtility /Users/shalukahewapatha/Library/Developer/Xcode/DerivedData/Lemon-eoswsefbtkkxlcfdowjxslsyjttt/Build/Intermediates.noindex/Firebase.build/Debug-iphonesimulator/Firebase_FirebaseCoreExtension.build/empty-Firebase_FirebaseCoreExtension.plist -producttype com.apple.product-type.bundle -expandbuildsettings -format binary -platform iphonesimulator -o /Users/shalukahewapatha/Library/Developer/Xcode/DerivedData/Lemon-eoswsefbtkkxlcfdowjxslsyjttt/Build/Products/Debug-iphonesimulator/Firebase_FirebaseCoreExtension.bundle/Info.plist

ProcessInfoPlistFile /Users/shalukahewapatha/Library/Developer/Xcode/DerivedData/Lemon-eoswsefbtkkxlcfdowjxslsyjttt/Build/Products/Debug-iphonesimulator/Firebase_FirebaseCore.bundle/Info.plist /Users/shalukahewapatha/Library/Developer/Xcode/DerivedData/Lemon-eoswsefbtkkxlcfdowjxslsyjttt/Build/Intermediates.noindex/Firebase.build/Debug-iphonesimulator/Firebase_FirebaseCore.build/empty-Firebase_FirebaseCore.plist (in target 'Firebase_FirebaseCore' from project 'Firebase')
    cd /Users/shalukahewapatha/Library/Developer/Xcode/DerivedData/Lemon-eoswsefbtkkxlcfdowjxslsyjttt/SourcePackages/checkouts/firebase-ios-sdk
    builtin-infoPlistUtility /Users/shalukahewapatha/Library/Developer/Xcode/DerivedData/Lemon-eoswsefbtkkxlcfdowjxslsyjttt/Build/Intermediates.noindex/Firebase.build/Debug-iphonesimulator/Firebase_FirebaseCore.build/empty-Firebase_FirebaseCore.plist -producttype com.apple.product-type.bundle -expandbuildsettings -format binary -platform iphonesimulator -o /Users/shalukahewapatha/Library/Developer/Xcode/DerivedData/Lemon-eoswsefbtkkxlcfdowjxslsyjttt/Build/Products/Debug-iphonesimulator/Firebase_FirebaseCore.bundle/Info.plist

ProcessInfoPlistFile /Users/shalukahewapatha/Library/Developer/Xcode/DerivedData/Lemon-eoswsefbtkkxlcfdowjxslsyjttt/Build/Products/Debug-iphonesimulator/Firebase_FirebaseAuth.bundle/Info.plist /Users/shalukahewapatha/Library/Developer/Xcode/DerivedData/Lemon-eoswsefbtkkxlcfdowjxslsyjttt/Build/Intermediates.noindex/Firebase.build/Debug-iphonesimulator/Firebase_FirebaseAuth.build/empty-Firebase_FirebaseAuth.plist (in target 'Firebase_FirebaseAuth' from project 'Firebase')
    cd /Users/shalukahewapatha/Library/Developer/Xcode/DerivedData/Lemon-eoswsefbtkkxlcfdowjxslsyjttt/SourcePackages/checkouts/firebase-ios-sdk
    builtin-infoPlistUtility /Users/shalukahewapatha/Library/Developer/Xcode/DerivedData/Lemon-eoswsefbtkkxlcfdowjxslsyjttt/Build/Intermediates.noindex/Firebase.build/Debug-iphonesimulator/Firebase_FirebaseAuth.build/empty-Firebase_FirebaseAuth.plist -producttype com.apple.product-type.bundle -expandbuildsettings -format binary -platform iphonesimulator -o /Users/shalukahewapatha/Library/Developer/Xcode/DerivedData/Lemon-eoswsefbtkkxlcfdowjxslsyjttt/Build/Products/Debug-iphonesimulator/Firebase_FirebaseAuth.bundle/Info.plist

ProcessInfoPlistFile /Users/shalukahewapatha/Library/Developer/Xcode/DerivedData/Lemon-eoswsefbtkkxlcfdowjxslsyjttt/Build/Products/Debug-iphonesimulator/AppAuth_AppAuthCore.bundle/Info.plist /Users/shalukahewapatha/Library/Developer/Xcode/DerivedData/Lemon-eoswsefbtkkxlcfdowjxslsyjttt/Build/Intermediates.noindex/AppAuth.build/Debug-iphonesimulator/AppAuth_AppAuthCore.build/empty-AppAuth_AppAuthCore.plist (in target 'AppAuth_AppAuthCore' from project 'AppAuth')
    cd /Users/shalukahewapatha/Library/Developer/Xcode/DerivedData/Lemon-eoswsefbtkkxlcfdowjxslsyjttt/SourcePackages/checkouts/AppAuth-iOS
    builtin-infoPlistUtility /Users/shalukahewapatha/Library/Developer/Xcode/DerivedData/Lemon-eoswsefbtkkxlcfdowjxslsyjttt/Build/Intermediates.noindex/AppAuth.build/Debug-iphonesimulator/AppAuth_AppAuthCore.build/empty-AppAuth_AppAuthCore.plist -producttype com.apple.product-type.bundle -expandbuildsettings -format binary -platform iphonesimulator -o /Users/shalukahewapatha/Library/Developer/Xcode/DerivedData/Lemon-eoswsefbtkkxlcfdowjxslsyjttt/Build/Products/Debug-iphonesimulator/AppAuth_AppAuthCore.bundle/Info.plist

ProcessInfoPlistFile /Users/shalukahewapatha/Library/Developer/Xcode/DerivedData/Lemon-eoswsefbtkkxlcfdowjxslsyjttt/Build/Products/Debug-iphonesimulator/AppAuth_AppAuth.bundle/Info.plist /Users/shalukahewapatha/Library/Developer/Xcode/DerivedData/Lemon-eoswsefbtkkxlcfdowjxslsyjttt/Build/Intermediates.noindex/AppAuth.build/Debug-iphonesimulator/AppAuth_AppAuth.build/empty-AppAuth_AppAuth.plist (in target 'AppAuth_AppAuth' from project 'AppAuth')
    cd /Users/shalukahewapatha/Library/Developer/Xcode/DerivedData/Lemon-eoswsefbtkkxlcfdowjxslsyjttt/SourcePackages/checkouts/AppAuth-iOS
    builtin-infoPlistUtility /Users/shalukahewapatha/Library/Developer/Xcode/DerivedData/Lemon-eoswsefbtkkxlcfdowjxslsyjttt/Build/Intermediates.noindex/AppAuth.build/Debug-iphonesimulator/AppAuth_AppAuth.build/empty-AppAuth_AppAuth.plist -producttype com.apple.product-type.bundle -expandbuildsettings -format binary -platform iphonesimulator -o /Users/shalukahewapatha/Library/Developer/Xcode/DerivedData/Lemon-eoswsefbtkkxlcfdowjxslsyjttt/Build/Products/Debug-iphonesimulator/AppAuth_AppAuth.bundle/Info.plist

ProcessProductPackaging "" /Users/shalukahewapatha/Library/Developer/Xcode/DerivedData/Lemon-eoswsefbtkkxlcfdowjxslsyjttt/Build/Intermediates.noindex/Lemon.build/Debug-iphonesimulator/Lemon.build/Lemon.app-Simulated.xcent (in target 'Lemon' from project 'Lemon')
    cd /Users/shalukahewapatha/Documents/Personal\ Projects/Lemon\ App\ Project/Lemon
    
    Entitlements:
    
    {
    "application-identifier" = "TA9D23DY9X.com.lemonmobility.Lemon";
}
    
    builtin-productPackagingUtility -entitlements -format xml -o /Users/shalukahewapatha/Library/Developer/Xcode/DerivedData/Lemon-eoswsefbtkkxlcfdowjxslsyjttt/Build/Intermediates.noindex/Lemon.build/Debug-iphonesimulator/Lemon.build/Lemon.app-Simulated.xcent

ProcessProductPackagingDER /Users/shalukahewapatha/Library/Developer/Xcode/DerivedData/Lemon-eoswsefbtkkxlcfdowjxslsyjttt/Build/Intermediates.noindex/Lemon.build/Debug-iphonesimulator/Lemon.build/Lemon.app-Simulated.xcent /Users/shalukahewapatha/Library/Developer/Xcode/DerivedData/Lemon-eoswsefbtkkxlcfdowjxslsyjttt/Build/Intermediates.noindex/Lemon.build/Debug-iphonesimulator/Lemon.build/Lemon.app-Simulated.xcent.der (in target 'Lemon' from project 'Lemon')
    cd /Users/shalukahewapatha/Documents/Personal\ Projects/Lemon\ App\ Project/Lemon
    /usr/bin/derq query -f xml -i /Users/shalukahewapatha/Library/Developer/Xcode/DerivedData/Lemon-eoswsefbtkkxlcfdowjxslsyjttt/Build/Intermediates.noindex/Lemon.build/Debug-iphonesimulator/Lemon.build/Lemon.app-Simulated.xcent -o /Users/shalukahewapatha/Library/Developer/Xcode/DerivedData/Lemon-eoswsefbtkkxlcfdowjxslsyjttt/Build/Intermediates.noindex/Lemon.build/Debug-iphonesimulator/Lemon.build/Lemon.app-Simulated.xcent.der --raw

SwiftDriver Lemon normal arm64 com.apple.xcode.tools.swift.compiler (in target 'Lemon' from project 'Lemon')
    cd /Users/shalukahewapatha/Documents/Personal\ Projects/Lemon\ App\ Project/Lemon
    builtin-SwiftDriver -- /Applications/Xcode.app/Contents/Developer/Toolchains/XcodeDefault.xctoolchain/usr/bin/swiftc -module-name Lemon -Onone -enforce-exclusivity\=checked @/Users/shalukahewapatha/Library/Developer/Xcode/DerivedData/Lemon-eoswsefbtkkxlcfdowjxslsyjttt/Build/Intermediates.noindex/Lemon.build/Debug-iphonesimulator/Lemon.build/Objects-normal/arm64/Lemon.SwiftFileList -DDEBUG -Xcc -fmodule-map-file\=/Users/shalukahewapatha/Library/Developer/Xcode/DerivedData/Lemon-eoswsefbtkkxlcfdowjxslsyjttt/Build/Intermediates.noindex/GeneratedModuleMaps-iphonesimulator/GoogleAdsOnDeviceConversionTarget.modulemap -Xcc -fmodule-map-file\=/Users/shalukahewapatha/Library/Developer/Xcode/DerivedData/Lemon-eoswsefbtkkxlcfdowjxslsyjttt/Build/Intermediates.noindex/GeneratedModuleMaps-iphonesimulator/GoogleAppMeasurementTarget.modulemap -Xcc -fmodule-map-file\=/Users/shalukahewapatha/Library/Developer/Xcode/DerivedData/Lemon-eoswsefbtkkxlcfdowjxslsyjttt/Build/Intermediates.noindex/GeneratedModuleMaps-iphonesimulator/FirebaseAnalyticsWrapper.modulemap -Xcc -fmodule-map-file\=/Users/shalukahewapatha/Library/Developer/Xcode/DerivedData/Lemon-eoswsefbtkkxlcfdowjxslsyjttt/Build/Intermediates.noindex/GeneratedModuleMaps-iphonesimulator/FirebaseAnalyticsTarget.modulemap -Xcc -fmodule-map-file\=/Users/shalukahewapatha/Library/Developer/Xcode/DerivedData/Lemon-eoswsefbtkkxlcfdowjxslsyjttt/Build/Intermediates.noindex/GeneratedModuleMaps-iphonesimulator/RecaptchaInterop.modulemap -Xcc -fmodule-map-file\=/Users/shalukahewapatha/Library/Developer/Xcode/DerivedData/Lemon-eoswsefbtkkxlcfdowjxslsyjttt/Build/Intermediates.noindex/GeneratedModuleMaps-iphonesimulator/FirebaseAuthInternal.modulemap -Xcc -fmodule-map-file\=/Users/shalukahewapatha/Library/Developer/Xcode/DerivedData/Lemon-eoswsefbtkkxlcfdowjxslsyjttt/Build/Intermediates.noindex/GeneratedModuleMaps-iphonesimulator/FirebaseAuthInterop.modulemap -Xcc -fmodule-map-file\=/Users/shalukahewapatha/Library/Developer/Xcode/DerivedData/Lemon-eoswsefbtkkxlcfdowjxslsyjttt/Build/Intermediates.noindex/GeneratedModuleMaps-iphonesimulator/GoogleAppMeasurementIdentitySupportTarget.modulemap -Xcc -fmodule-map-file\=/Users/shalukahewapatha/Library/Developer/Xcode/DerivedData/Lemon-eoswsefbtkkxlcfdowjxslsyjttt/Build/Intermediates.noindex/GeneratedModuleMaps-iphonesimulator/FirebaseAnalyticsIdentitySupportTarget.modulemap -Xcc -fmodule-map-file\=/Users/shalukahewapatha/Library/Developer/Xcode/DerivedData/Lemon-eoswsefbtkkxlcfdowjxslsyjttt/Build/Intermediates.noindex/GeneratedModuleMaps-iphonesimulator/abslWrapper.modulemap -Xcc -fmodule-map-file\=/Users/shalukahewapatha/Library/Developer/Xcode/DerivedData/Lemon-eoswsefbtkkxlcfdowjxslsyjttt/Build/Intermediates.noindex/GeneratedModuleMaps-iphonesimulator/opensslWrapper.modulemap -Xcc -fmodule-map-file\=/Users/shalukahewapatha/Library/Developer/Xcode/DerivedData/Lemon-eoswsefbtkkxlcfdowjxslsyjttt/Build/Intermediates.noindex/GeneratedModuleMaps-iphonesimulator/grpcWrapper.modulemap -Xcc -fmodule-map-file\=/Users/shalukahewapatha/Library/Developer/Xcode/DerivedData/Lemon-eoswsefbtkkxlcfdowjxslsyjttt/Build/Intermediates.noindex/GeneratedModuleMaps-iphonesimulator/grpcppWrapper.modulemap -Xcc -fmodule-map-file\=/Users/shalukahewapatha/Library/Developer/Xcode/DerivedData/Lemon-eoswsefbtkkxlcfdowjxslsyjttt/Build/Intermediates.noindex/GeneratedModuleMaps-iphonesimulator/FirebaseCoreExtension.modulemap -Xcc -fmodule-map-file\=/Users/shalukahewapatha/Library/Developer/Xcode/DerivedData/Lemon-eoswsefbtkkxlcfdowjxslsyjttt/Build/Intermediates.noindex/GeneratedModuleMaps-iphonesimulator/FirebaseFirestoreInternalWrapper.modulemap -Xcc -fmodule-map-file\=/Users/shalukahewapatha/Library/Developer/Xcode/DerivedData/Lemon-eoswsefbtkkxlcfdowjxslsyjttt/Build/Intermediates.noindex/GeneratedModuleMaps-iphonesimulator/FirebaseFirestoreTarget.modulemap -Xcc -fmodule-map-file\=/Users/shalukahewapatha/Library/Developer/Xcode/DerivedData/Lemon-eoswsefbtkkxlcfdowjxslsyjttt/Build/Intermediates.noindex/GeneratedModuleMaps-iphonesimulator/GoogleAppMeasurementCoreTarget.modulemap -Xcc -fmodule-map-file\=/Users/shalukahewapatha/Library/Developer/Xcode/DerivedData/Lemon-eoswsefbtkkxlcfdowjxslsyjttt/Build/Intermediates.noindex/GeneratedModuleMaps-iphonesimulator/GoogleUtilities-AppDelegateSwizzler.modulemap -Xcc -fmodule-map-file\=/Users/shalukahewapatha/Library/Developer/Xcode/DerivedData/Lemon-eoswsefbtkkxlcfdowjxslsyjttt/Build/Intermediates.noindex/GeneratedModuleMaps-iphonesimulator/GoogleUtilities-MethodSwizzler.modulemap -Xcc -fmodule-map-file\=/Users/shalukahewapatha/Library/Developer/Xcode/DerivedData/Lemon-eoswsefbtkkxlcfdowjxslsyjttt/Build/Intermediates.noindex/GeneratedModuleMaps-iphonesimulator/GoogleUtilities-Reachability.modulemap -Xcc -fmodule-map-file\=/Users/shalukahewapatha/Library/Developer/Xcode/DerivedData/Lemon-eoswsefbtkkxlcfdowjxslsyjttt/Build/Intermediates.noindex/GeneratedModuleMaps-iphonesimulator/GoogleUtilities-Network.modulemap -Xcc -fmodule-map-file\=/Users/shalukahewapatha/Library/Developer/Xcode/DerivedData/Lemon-eoswsefbtkkxlcfdowjxslsyjttt/Build/Intermediates.noindex/GeneratedModuleMaps-iphonesimulator/nanopb.modulemap -Xcc -fmodule-map-file\=/Users/shalukahewapatha/Library/Developer/Xcode/DerivedData/Lemon-eoswsefbtkkxlcfdowjxslsyjttt/Build/Intermediates.noindex/GeneratedModuleMaps-iphonesimulator/FirebaseAnalyticsCoreWrapper.modulemap -Xcc -fmodule-map-file\=/Users/shalukahewapatha/Library/Developer/Xcode/DerivedData/Lemon-eoswsefbtkkxlcfdowjxslsyjttt/Build/Intermediates.noindex/GeneratedModuleMaps-iphonesimulator/FirebaseInstallations.modulemap -Xcc -fmodule-map-file\=/Users/shalukahewapatha/Library/Developer/Xcode/DerivedData/Lemon-eoswsefbtkkxlcfdowjxslsyjttt/Build/Intermediates.noindex/GeneratedModuleMaps-iphonesimulator/FirebaseAnalyticsCoreTarget.modulemap -Xcc -fmodule-map-file\=/Users/shalukahewapatha/Library/Developer/Xcode/DerivedData/Lemon-eoswsefbtkkxlcfdowjxslsyjttt/Build/Intermediates.noindex/GeneratedModuleMaps-iphonesimulator/GoogleUtilities-NSData.modulemap -Xcc -fmodule-map-file\=/Users/shalukahewapatha/Library/Developer/Xcode/DerivedData/Lemon-eoswsefbtkkxlcfdowjxslsyjttt/Build/Intermediates.noindex/GeneratedModuleMaps-iphonesimulator/leveldb.modulemap -Xcc -fmodule-map-file\=/Users/shalukahewapatha/Library/Developer/Xcode/DerivedData/Lemon-eoswsefbtkkxlcfdowjxslsyjttt/Build/Intermediates.noindex/GeneratedModuleMaps-iphonesimulator/FirebaseDatabaseInternal.modulemap -Xcc -fmodule-map-file\=/Users/shalukahewapatha/Library/Developer/Xcode/DerivedData/Lemon-eoswsefbtkkxlcfdowjxslsyjttt/Build/Intermediates.noindex/GeneratedModuleMaps-iphonesimulator/FirebaseCore.modulemap -Xcc -fmodule-map-file\=/Users/shalukahewapatha/Library/Developer/Xcode/DerivedData/Lemon-eoswsefbtkkxlcfdowjxslsyjttt/Build/Intermediates.noindex/GeneratedModuleMaps-iphonesimulator/FirebaseAppCheckInterop.modulemap -Xcc -fmodule-map-file\=/Users/shalukahewapatha/Library/Developer/Xcode/DerivedData/Lemon-eoswsefbtkkxlcfdowjxslsyjttt/Build/Intermediates.noindex/GeneratedModuleMaps-iphonesimulator/AppAuth.modulemap -Xcc -fmodule-map-file\=/Users/shalukahewapatha/Library/Developer/Xcode/DerivedData/Lemon-eoswsefbtkkxlcfdowjxslsyjttt/Build/Intermediates.noindex/GeneratedModuleMaps-iphonesimulator/AppAuthCore.modulemap -Xcc -fmodule-map-file\=/Users/shalukahewapatha/Library/Developer/Xcode/DerivedData/Lemon-eoswsefbtkkxlcfdowjxslsyjttt/Build/Intermediates.noindex/GeneratedModuleMaps-iphonesimulator/GoogleUtilities-Logger.modulemap -Xcc -fmodule-map-file\=/Users/shalukahewapatha/Library/Developer/Xcode/DerivedData/Lemon-eoswsefbtkkxlcfdowjxslsyjttt/Build/Intermediates.noindex/GeneratedModuleMaps-iphonesimulator/GoogleUtilities-Environment.modulemap -Xcc -fmodule-map-file\=/Users/shalukahewapatha/Library/Developer/Xcode/DerivedData/Lemon-eoswsefbtkkxlcfdowjxslsyjttt/Build/Intermediates.noindex/GeneratedModuleMaps-iphonesimulator/third-party-IsAppEncrypted.modulemap -Xcc -fmodule-map-file\=/Users/shalukahewapatha/Library/Developer/Xcode/DerivedData/Lemon-eoswsefbtkkxlcfdowjxslsyjttt/Build/Intermediates.noindex/GeneratedModuleMaps-iphonesimulator/GoogleUtilities-UserDefaults.modulemap -Xcc -fmodule-map-file\=/Users/shalukahewapatha/Library/Developer/Xcode/DerivedData/Lemon-eoswsefbtkkxlcfdowjxslsyjttt/Build/Intermediates.noindex/GeneratedModuleMaps-iphonesimulator/AppCheckCore.modulemap -Xcc -fmodule-map-file\=/Users/shalukahewapatha/Library/Developer/Xcode/DerivedData/Lemon-eoswsefbtkkxlcfdowjxslsyjttt/Build/Intermediates.noindex/GeneratedModuleMaps-iphonesimulator/GTMSessionFetcherCore.modulemap -Xcc -fmodule-map-file\=/Users/shalukahewapatha/Library/Developer/Xcode/DerivedData/Lemon-eoswsefbtkkxlcfdowjxslsyjttt/Build/Intermediates.noindex/GeneratedModuleMaps-iphonesimulator/GoogleSignIn.modulemap -default-isolation\=MainActor -enable-bare-slash-regex -enable-upcoming-feature DisableOutwardActorInference -enable-upcoming-feature InferSendableFromCaptures -enable-upcoming-feature GlobalActorIsolatedTypesUsability -enable-upcoming-feature MemberImportVisibility -enable-upcoming-feature InferIsolatedConformances -enable-upcoming-feature NonisolatedNonsendingByDefault -enable-experimental-feature DebugDescriptionMacro -sdk /Applications/Xcode.app/Contents/Developer/Platforms/iPhoneSimulator.platform/Developer/SDKs/iPhoneSimulator26.2.sdk -target arm64-apple-ios26.2-simulator -g -module-cache-path /Users/shalukahewapatha/Library/Developer/Xcode/DerivedData/ModuleCache.noindex -Xfrontend -serialize-debugging-options -enable-testing -index-store-path /Users/shalukahewapatha/Library/Developer/Xcode/DerivedData/Lemon-eoswsefbtkkxlcfdowjxslsyjttt/Index.noindex/DataStore -Xcc -D_LIBCPP_HARDENING_MODE\=_LIBCPP_HARDENING_MODE_DEBUG -swift-version 5 -I /Users/shalukahewapatha/Library/Developer/Xcode/DerivedData/Lemon-eoswsefbtkkxlcfdowjxslsyjttt/Build/Products/Debug-iphonesimulator -F /Users/shalukahewapatha/Library/Developer/Xcode/DerivedData/Lemon-eoswsefbtkkxlcfdowjxslsyjttt/Build/Products/Debug-iphonesimulator/PackageFrameworks -F /Users/shalukahewapatha/Library/Developer/Xcode/DerivedData/Lemon-eoswsefbtkkxlcfdowjxslsyjttt/Build/Products/Debug-iphonesimulator/PackageFrameworks -F /Users/shalukahewapatha/Library/Developer/Xcode/DerivedData/Lemon-eoswsefbtkkxlcfdowjxslsyjttt/Build/Products/Debug-iphonesimulator/PackageFrameworks -F /Users/shalukahewapatha/Library/Developer/Xcode/DerivedData/Lemon-eoswsefbtkkxlcfdowjxslsyjttt/Build/Products/Debug-iphonesimulator/PackageFrameworks -F /Users/shalukahewapatha/Library/Developer/Xcode/DerivedData/Lemon-eoswsefbtkkxlcfdowjxslsyjttt/Build/Products/Debug-iphonesimulator/PackageFrameworks -F /Users/shalukahewapatha/Library/Developer/Xcode/DerivedData/Lemon-eoswsefbtkkxlcfdowjxslsyjttt/Build/Products/Debug-iphonesimulator/PackageFrameworks -F /Users/shalukahewapatha/Library/Developer/Xcode/DerivedData/Lemon-eoswsefbtkkxlcfdowjxslsyjttt/Build/Products/Debug-iphonesimulator/PackageFrameworks -F /Users/shalukahewapatha/Library/Developer/Xcode/DerivedData/Lemon-eoswsefbtkkxlcfdowjxslsyjttt/Build/Products/Debug-iphonesimulator/PackageFrameworks -F /Users/shalukahewapatha/Library/Developer/Xcode/DerivedData/Lemon-eoswsefbtkkxlcfdowjxslsyjttt/Build/Products/Debug-iphonesimulator/PackageFrameworks -F /Users/shalukahewapatha/Library/Developer/Xcode/DerivedData/Lemon-eoswsefbtkkxlcfdowjxslsyjttt/Build/Products/Debug-iphonesimulator/PackageFrameworks -F /Users/shalukahewapatha/Library/Developer/Xcode/DerivedData/Lemon-eoswsefbtkkxlcfdowjxslsyjttt/Build/Products/Debug-iphonesimulator/PackageFrameworks -F /Users/shalukahewapatha/Library/Developer/Xcode/DerivedData/Lemon-eoswsefbtkkxlcfdowjxslsyjttt/Build/Products/Debug-iphonesimulator/PackageFrameworks -F /Users/shalukahewapatha/Library/Developer/Xcode/DerivedData/Lemon-eoswsefbtkkxlcfdowjxslsyjttt/Build/Products/Debug-iphonesimulator/PackageFrameworks -F /Users/shalukahewapatha/Library/Developer/Xcode/DerivedData/Lemon-eoswsefbtkkxlcfdowjxslsyjttt/Build/Products/Debug-iphonesimulator/PackageFrameworks -F /Users/shalukahewapatha/Library/Developer/Xcode/DerivedData/Lemon-eoswsefbtkkxlcfdowjxslsyjttt/Build/Products/Debug-iphonesimulator/PackageFrameworks -F /Users/shalukahewapatha/Library/Developer/Xcode/DerivedData/Lemon-eoswsefbtkkxlcfdowjxslsyjttt/Build/Products/Debug-iphonesimulator/PackageFrameworks -F /Users/shalukahewapatha/Library/Developer/Xcode/DerivedData/Lemon-eoswsefbtkkxlcfdowjxslsyjttt/Build/Products/Debug-iphonesimulator/PackageFrameworks -F /Users/shalukahewapatha/Library/Developer/Xcode/DerivedData/Lemon-eoswsefbtkkxlcfdowjxslsyjttt/Build/Products/Debug-iphonesimulator/PackageFrameworks -F /Users/shalukahewapatha/Library/Developer/Xcode/DerivedData/Lemon-eoswsefbtkkxlcfdowjxslsyjttt/Build/Products/Debug-iphonesimulator/PackageFrameworks -F /Users/shalukahewapatha/Library/Developer/Xcode/DerivedData/Lemon-eoswsefbtkkxlcfdowjxslsyjttt/Build/Products/Debug-iphonesimulator/PackageFrameworks -F /Users/shalukahewapatha/Library/Developer/Xcode/DerivedData/Lemon-eoswsefbtkkxlcfdowjxslsyjttt/Build/Products/Debug-iphonesimulator/PackageFrameworks -F /Users/shalukahewapatha/Library/Developer/Xcode/DerivedData/Lemon-eoswsefbtkkxlcfdowjxslsyjttt/Build/Products/Debug-iphonesimulator/PackageFrameworks -F /Users/shalukahewapatha/Library/Developer/Xcode/DerivedData/Lemon-eoswsefbtkkxlcfdowjxslsyjttt/Build/Products/Debug-iphonesimulator/PackageFrameworks -F /Users/shalukahewapatha/Library/Developer/Xcode/DerivedData/Lemon-eoswsefbtkkxlcfdowjxslsyjttt/Build/Products/Debug-iphonesimulator/PackageFrameworks -F /Users/shalukahewapatha/Library/Developer/Xcode/DerivedData/Lemon-eoswsefbtkkxlcfdowjxslsyjttt/Build/Products/Debug-iphonesimulator/PackageFrameworks -F /Users/shalukahewapatha/Library/Developer/Xcode/DerivedData/Lemon-eoswsefbtkkxlcfdowjxslsyjttt/Build/Products/Debug-iphonesimulator/PackageFrameworks -F /Users/shalukahewapatha/Library/Developer/Xcode/DerivedData/Lemon-eoswsefbtkkxlcfdowjxslsyjttt/Build/Products/Debug-iphonesimulator/PackageFrameworks -F /Users/shalukahewapatha/Library/Developer/Xcode/DerivedData/Lemon-eoswsefbtkkxlcfdowjxslsyjttt/Build/Products/Debug-iphonesimulator/PackageFrameworks -F /Users/shalukahewapatha/Library/Developer/Xcode/DerivedData/Lemon-eoswsefbtkkxlcfdowjxslsyjttt/Build/Products/Debug-iphonesimulator/PackageFrameworks -F /Users/shalukahewapatha/Library/Developer/Xcode/DerivedData/Lemon-eoswsefbtkkxlcfdowjxslsyjttt/Build/Products/Debug-iphonesimulator/PackageFrameworks -F /Users/shalukahewapatha/Library/Developer/Xcode/DerivedData/Lemon-eoswsefbtkkxlcfdowjxslsyjttt/Build/Products/Debug-iphonesimulator/PackageFrameworks -F /Users/shalukahewapatha/Library/Developer/Xcode/DerivedData/Lemon-eoswsefbtkkxlcfdowjxslsyjttt/Build/Products/Debug-iphonesimulator/PackageFrameworks -F /Users/shalukahewapatha/Library/Developer/Xcode/DerivedData/Lemon-eoswsefbtkkxlcfdowjxslsyjttt/Build/Products/Debug-iphonesimulator/PackageFrameworks -F /Users/shalukahewapatha/Library/Developer/Xcode/DerivedData/Lemon-eoswsefbtkkxlcfdowjxslsyjttt/Build/Products/Debug-iphonesimulator/PackageFrameworks -F /Users/shalukahewapatha/Library/Developer/Xcode/DerivedData/Lemon-eoswsefbtkkxlcfdowjxslsyjttt/Build/Products/Debug-iphonesimulator/PackageFrameworks -F /Users/shalukahewapatha/Library/Developer/Xcode/DerivedData/Lemon-eoswsefbtkkxlcfdowjxslsyjttt/Build/Products/Debug-iphonesimulator/PackageFrameworks -F /Users/shalukahewapatha/Library/Developer/Xcode/DerivedData/Lemon-eoswsefbtkkxlcfdowjxslsyjttt/Build/Products/Debug-iphonesimulator/PackageFrameworks -F /Users/shalukahewapatha/Library/Developer/Xcode/DerivedData/Lemon-eoswsefbtkkxlcfdowjxslsyjttt/Build/Products/Debug-iphonesimulator/PackageFrameworks -F /Users/shalukahewapatha/Library/Developer/Xcode/DerivedData/Lemon-eoswsefbtkkxlcfdowjxslsyjttt/Build/Products/Debug-iphonesimulator/PackageFrameworks -F /Users/shalukahewapatha/Library/Developer/Xcode/DerivedData/Lemon-eoswsefbtkkxlcfdowjxslsyjttt/Build/Products/Debug-iphonesimulator/PackageFrameworks -F /Users/shalukahewapatha/Library/Developer/Xcode/DerivedData/Lemon-eoswsefbtkkxlcfdowjxslsyjttt/Build/Products/Debug-iphonesimulator/PackageFrameworks -F /Users/shalukahewapatha/Library/Developer/Xcode/DerivedData/Lemon-eoswsefbtkkxlcfdowjxslsyjttt/Build/Products/Debug-iphonesimulator/PackageFrameworks -F /Users/shalukahewapatha/Library/Developer/Xcode/DerivedData/Lemon-eoswsefbtkkxlcfdowjxslsyjttt/Build/Products/Debug-iphonesimulator/PackageFrameworks -F /Users/shalukahewapatha/Library/Developer/Xcode/DerivedData/Lemon-eoswsefbtkkxlcfdowjxslsyjttt/Build/Products/Debug-iphonesimulator/PackageFrameworks -F /Users/shalukahewapatha/Library/Developer/Xcode/DerivedData/Lemon-eoswsefbtkkxlcfdowjxslsyjttt/Build/Products/Debug-iphonesimulator/PackageFrameworks -F /Users/shalukahewapatha/Library/Developer/Xcode/DerivedData/Lemon-eoswsefbtkkxlcfdowjxslsyjttt/Build/Products/Debug-iphonesimulator/PackageFrameworks -F /Users/shalukahewapatha/Library/Developer/Xcode/DerivedData/Lemon-eoswsefbtkkxlcfdowjxslsyjttt/Build/Products/Debug-iphonesimulator/PackageFrameworks -F /Users/shalukahewapatha/Library/Developer/Xcode/DerivedData/Lemon-eoswsefbtkkxlcfdowjxslsyjttt/Build/Products/Debug-iphonesimulator/PackageFrameworks -F /Users/shalukahewapatha/Library/Developer/Xcode/DerivedData/Lemon-eoswsefbtkkxlcfdowjxslsyjttt/Build/Products/Debug-iphonesimulator -emit-localized-strings -emit-localized-strings-path /Users/shalukahewapatha/Library/Developer/Xcode/DerivedData/Lemon-eoswsefbtkkxlcfdowjxslsyjttt/Build/Intermediates.noindex/Lemon.build/Debug-iphonesimulator/Lemon.build/Objects-normal/arm64 -c -j10 -enable-batch-mode -incremental -Xcc -ivfsstatcache -Xcc /Users/shalukahewapatha/Library/Developer/Xcode/DerivedData/SDKStatCaches.noindex/iphonesimulator26.2-23C53-7d00a8b37fbd7999ea79df8ebc024bf0.sdkstatcache -output-file-map /Users/shalukahewapatha/Library/Developer/Xcode/DerivedData/Lemon-eoswsefbtkkxlcfdowjxslsyjttt/Build/Intermediates.noindex/Lemon.build/Debug-iphonesimulator/Lemon.build/Objects-normal/arm64/Lemon-OutputFileMap.json -use-frontend-parseable-output -save-temps -no-color-diagnostics -explicit-module-build -module-cache-path /Users/shalukahewapatha/Library/Developer/Xcode/DerivedData/Lemon-eoswsefbtkkxlcfdowjxslsyjttt/Build/Intermediates.noindex/SwiftExplicitPrecompiledModules -clang-scanner-module-cache-path /Users/shalukahewapatha/Library/Developer/Xcode/DerivedData/ModuleCache.noindex -sdk-module-cache-path /Users/shalukahewapatha/Library/Developer/Xcode/DerivedData/ModuleCache.noindex -serialize-diagnostics -emit-dependencies -emit-module -emit-module-path /Users/shalukahewapatha/Library/Developer/Xcode/DerivedData/Lemon-eoswsefbtkkxlcfdowjxslsyjttt/Build/Intermediates.noindex/Lemon.build/Debug-iphonesimulator/Lemon.build/Objects-normal/arm64/Lemon.swiftmodule -validate-clang-modules-once -clang-build-session-file /Users/shalukahewapatha/Library/Developer/Xcode/DerivedData/ModuleCache.noindex/Session.modulevalidation -Xcc -I/Users/shalukahewapatha/Library/Developer/Xcode/DerivedData/Lemon-eoswsefbtkkxlcfdowjxslsyjttt/Build/Intermediates.noindex/Lemon.build/Debug-iphonesimulator/Lemon.build/swift-overrides.hmap -emit-const-values -Xfrontend -const-gather-protocols-file -Xfrontend /Users/shalukahewapatha/Library/Developer/Xcode/DerivedData/Lemon-eoswsefbtkkxlcfdowjxslsyjttt/Build/Intermediates.noindex/Lemon.build/Debug-iphonesimulator/Lemon.build/Objects-normal/arm64/Lemon_const_extract_protocols.json -Xcc -iquote -Xcc /Users/shalukahewapatha/Library/Developer/Xcode/DerivedData/Lemon-eoswsefbtkkxlcfdowjxslsyjttt/Build/Intermediates.noindex/Lemon.build/Debug-iphonesimulator/Lemon.build/Lemon-generated-files.hmap -Xcc -I/Users/shalukahewapatha/Library/Developer/Xcode/DerivedData/Lemon-eoswsefbtkkxlcfdowjxslsyjttt/Build/Intermediates.noindex/Lemon.build/Debug-iphonesimulator/Lemon.build/Lemon-own-target-headers.hmap -Xcc -I/Users/shalukahewapatha/Library/Developer/Xcode/DerivedData/Lemon-eoswsefbtkkxlcfdowjxslsyjttt/Build/Intermediates.noindex/Lemon.build/Debug-iphonesimulator/Lemon.build/Lemon-all-non-framework-target-headers.hmap -Xcc -ivfsoverlay -Xcc /Users/shalukahewapatha/Library/Developer/Xcode/DerivedData/Lemon-eoswsefbtkkxlcfdowjxslsyjttt/Build/Intermediates.noindex/Lemon.build/Debug-iphonesimulator/Lemon-52b1b4bc723067f2ac199d40449820c2-VFS-iphonesimulator/all-product-headers.yaml -Xcc -iquote -Xcc /Users/shalukahewapatha/Library/Developer/Xcode/DerivedData/Lemon-eoswsefbtkkxlcfdowjxslsyjttt/Build/Intermediates.noindex/Lemon.build/Debug-iphonesimulator/Lemon.build/Lemon-project-headers.hmap -Xcc -I/Users/shalukahewapatha/Library/Developer/Xcode/DerivedData/Lemon-eoswsefbtkkxlcfdowjxslsyjttt/SourcePackages/checkouts/google-ads-on-device-conversion-ios-sdk/GoogleAdsOnDeviceConversionWrapper/include -Xcc -I/Users/shalukahewapatha/Library/Developer/Xcode/DerivedData/Lemon-eoswsefbtkkxlcfdowjxslsyjttt/SourcePackages/checkouts/GoogleAppMeasurement/GoogleAppMeasurementWrapper/include -Xcc -I/Users/shalukahewapatha/Library/Developer/Xcode/DerivedData/Lemon-eoswsefbtkkxlcfdowjxslsyjttt/SourcePackages/checkouts/firebase-ios-sdk/FirebaseAnalyticsWrapper/include -Xcc -I/Users/shalukahewapatha/Library/Developer/Xcode/DerivedData/Lemon-eoswsefbtkkxlcfdowjxslsyjttt/SourcePackages/checkouts/firebase-ios-sdk/SwiftPM-PlatformExclude/FirebaseAnalyticsWrap/include -Xcc -I/Users/shalukahewapatha/Library/Developer/Xcode/DerivedData/Lemon-eoswsefbtkkxlcfdowjxslsyjttt/SourcePackages/checkouts/interop-ios-for-google-sdks/RecaptchaEnterprise/RecaptchaInterop/Public -Xcc -I/Users/shalukahewapatha/Library/Developer/Xcode/DerivedData/Lemon-eoswsefbtkkxlcfdowjxslsyjttt/SourcePackages/checkouts/firebase-ios-sdk/FirebaseAuth/Sources/Public -Xcc -I/Users/shalukahewapatha/Library/Developer/Xcode/DerivedData/Lemon-eoswsefbtkkxlcfdowjxslsyjttt/SourcePackages/checkouts/firebase-ios-sdk/FirebaseAuth/Interop/Public -Xcc -I/Users/shalukahewapatha/Library/Developer/Xcode/DerivedData/Lemon-eoswsefbtkkxlcfdowjxslsyjttt/SourcePackages/checkouts/GoogleAppMeasurement/GoogleAppMeasurementIdentitySupportWrapper/include -Xcc -I/Users/shalukahewapatha/Library/Developer/Xcode/DerivedData/Lemon-eoswsefbtkkxlcfdowjxslsyjttt/SourcePackages/checkouts/firebase-ios-sdk/FirebaseAnalyticsIdentitySupportWrapper/include -Xcc -I/Users/shalukahewapatha/Library/Developer/Xcode/DerivedData/Lemon-eoswsefbtkkxlcfdowjxslsyjttt/SourcePackages/checkouts/abseil-cpp-binary/absl-Wrapper/include -Xcc -I/Users/shalukahewapatha/Library/Developer/Xcode/DerivedData/Lemon-eoswsefbtkkxlcfdowjxslsyjttt/SourcePackages/checkouts/grpc-binary/openssl-grpc-Wrapper/include -Xcc -I/Users/shalukahewapatha/Library/Developer/Xcode/DerivedData/Lemon-eoswsefbtkkxlcfdowjxslsyjttt/SourcePackages/checkouts/grpc-binary/grpc-Wrapper/include -Xcc -I/Users/shalukahewapatha/Library/Developer/Xcode/DerivedData/Lemon-eoswsefbtkkxlcfdowjxslsyjttt/SourcePackages/checkouts/grpc-binary/grpcpp-Wrapper/include -Xcc -I/Users/shalukahewapatha/Library/Developer/Xcode/DerivedData/Lemon-eoswsefbtkkxlcfdowjxslsyjttt/SourcePackages/checkouts/firebase-ios-sdk/FirebaseCore/Extension -Xcc -I/Users/shalukahewapatha/Library/Developer/Xcode/DerivedData/Lemon-eoswsefbtkkxlcfdowjxslsyjttt/SourcePackages/checkouts/firebase-ios-sdk/FirebaseFirestoreInternal -Xcc -I/Users/shalukahewapatha/Library/Developer/Xcode/DerivedData/Lemon-eoswsefbtkkxlcfdowjxslsyjttt/SourcePackages/checkouts/firebase-ios-sdk/SwiftPM-PlatformExclude/FirebaseFirestoreWrap/include -Xcc -I/Users/shalukahewapatha/Library/Developer/Xcode/DerivedData/Lemon-eoswsefbtkkxlcfdowjxslsyjttt/SourcePackages/checkouts/GoogleAppMeasurement/GoogleAppMeasurementCoreWrapper/include -Xcc -I/Users/shalukahewapatha/Library/Developer/Xcode/DerivedData/Lemon-eoswsefbtkkxlcfdowjxslsyjttt/SourcePackages/checkouts/GoogleUtilities/GoogleUtilities/AppDelegateSwizzler/Public -Xcc -I/Users/shalukahewapatha/Library/Developer/Xcode/DerivedData/Lemon-eoswsefbtkkxlcfdowjxslsyjttt/SourcePackages/checkouts/GoogleUtilities/GoogleUtilities/MethodSwizzler/Public -Xcc -I/Users/shalukahewapatha/Library/Developer/Xcode/DerivedData/Lemon-eoswsefbtkkxlcfdowjxslsyjttt/SourcePackages/checkouts/GoogleUtilities/GoogleUtilities/Reachability/Public -Xcc -I/Users/shalukahewapatha/Library/Developer/Xcode/DerivedData/Lemon-eoswsefbtkkxlcfdowjxslsyjttt/SourcePackages/checkouts/GoogleUtilities/GoogleUtilities/Network/Public -Xcc -I/Users/shalukahewapatha/Library/Developer/Xcode/DerivedData/Lemon-eoswsefbtkkxlcfdowjxslsyjttt/SourcePackages/checkouts/nanopb/spm_headers -Xcc -I/Users/shalukahewapatha/Library/Developer/Xcode/DerivedData/Lemon-eoswsefbtkkxlcfdowjxslsyjttt/SourcePackages/checkouts/firebase-ios-sdk/FirebaseAnalyticsCoreWrapper/include -Xcc -I/Users/shalukahewapatha/Library/Developer/Xcode/DerivedData/Lemon-eoswsefbtkkxlcfdowjxslsyjttt/SourcePackages/checkouts/firebase-ios-sdk/FirebaseInstallations/Source/Library/Public -Xcc -I/Users/shalukahewapatha/Library/Developer/Xcode/DerivedData/Lemon-eoswsefbtkkxlcfdowjxslsyjttt/SourcePackages/checkouts/firebase-ios-sdk/SwiftPM-PlatformExclude/FirebaseAnalyticsCoreWrap/include -Xcc -I/Users/shalukahewapatha/Library/Developer/Xcode/DerivedData/Lemon-eoswsefbtkkxlcfdowjxslsyjttt/SourcePackages/checkouts/GoogleUtilities/GoogleUtilities/NSData+zlib/Public -Xcc -I/Users/shalukahewapatha/Library/Developer/Xcode/DerivedData/Lemon-eoswsefbtkkxlcfdowjxslsyjttt/SourcePackages/checkouts/leveldb/include -Xcc -I/Users/shalukahewapatha/Library/Developer/Xcode/DerivedData/Lemon-eoswsefbtkkxlcfdowjxslsyjttt/SourcePackages/checkouts/firebase-ios-sdk/FirebaseDatabase/Sources/Public -Xcc -I/Users/shalukahewapatha/Library/Developer/Xcode/DerivedData/Lemon-eoswsefbtkkxlcfdowjxslsyjttt/SourcePackages/checkouts/firebase-ios-sdk/FirebaseCore/Sources/Public -Xcc -I/Users/shalukahewapatha/Library/Developer/Xcode/DerivedData/Lemon-eoswsefbtkkxlcfdowjxslsyjttt/SourcePackages/checkouts/firebase-ios-sdk/CoreOnly/Sources -Xcc -I/Users/shalukahewapatha/Library/Developer/Xcode/DerivedData/Lemon-eoswsefbtkkxlcfdowjxslsyjttt/SourcePackages/checkouts/firebase-ios-sdk/FirebaseAppCheck/Interop/Public -Xcc -I/Users/shalukahewapatha/Library/Developer/Xcode/DerivedData/Lemon-eoswsefbtkkxlcfdowjxslsyjttt/SourcePackages/checkouts/AppAuth-iOS/Sources/AppAuth -Xcc -I/Users/shalukahewapatha/Library/Developer/Xcode/DerivedData/Lemon-eoswsefbtkkxlcfdowjxslsyjttt/SourcePackages/checkouts/AppAuth-iOS/Sources/AppAuthCore -Xcc -I/Users/shalukahewapatha/Library/Developer/Xcode/DerivedData/Lemon-eoswsefbtkkxlcfdowjxslsyjttt/SourcePackages/checkouts/promises/Sources/FBLPromises/include -Xcc -I/Users/shalukahewapatha/Library/Developer/Xcode/DerivedData/Lemon-eoswsefbtkkxlcfdowjxslsyjttt/SourcePackages/checkouts/GoogleUtilities/GoogleUtilities/Logger/Public -Xcc -I/Users/shalukahewapatha/Library/Developer/Xcode/DerivedData/Lemon-eoswsefbtkkxlcfdowjxslsyjttt/SourcePackages/checkouts/GoogleUtilities/GoogleUtilities/Environment/Public -Xcc -I/Users/shalukahewapatha/Library/Developer/Xcode/DerivedData/Lemon-eoswsefbtkkxlcfdowjxslsyjttt/SourcePackages/checkouts/GoogleUtilities/third_party/IsAppEncrypted/Public -Xcc -I/Users/shalukahewapatha/Library/Developer/Xcode/DerivedData/Lemon-eoswsefbtkkxlcfdowjxslsyjttt/SourcePackages/checkouts/GoogleUtilities/GoogleUtilities/UserDefaults/Public -Xcc -I/Users/shalukahewapatha/Library/Developer/Xcode/DerivedData/Lemon-eoswsefbtkkxlcfdowjxslsyjttt/SourcePackages/checkouts/app-check/AppCheckCore/Sources/Public -Xcc -I/Users/shalukahewapatha/Library/Developer/Xcode/DerivedData/Lemon-eoswsefbtkkxlcfdowjxslsyjttt/SourcePackages/checkouts/gtm-session-fetcher/Sources/Core/Public -Xcc -I/Users/shalukahewapatha/Library/Developer/Xcode/DerivedData/Lemon-eoswsefbtkkxlcfdowjxslsyjttt/SourcePackages/checkouts/GoogleSignIn-iOS/GoogleSignIn/Sources/Public -Xcc -I/Users/shalukahewapatha/Library/Developer/Xcode/DerivedData/Lemon-eoswsefbtkkxlcfdowjxslsyjttt/Build/Products/Debug-iphonesimulator/include -Xcc -I/Users/shalukahewapatha/Library/Developer/Xcode/DerivedData/Lemon-eoswsefbtkkxlcfdowjxslsyjttt/Build/Intermediates.noindex/Lemon.build/Debug-iphonesimulator/Lemon.build/DerivedSources-normal/arm64 -Xcc -I/Users/shalukahewapatha/Library/Developer/Xcode/DerivedData/Lemon-eoswsefbtkkxlcfdowjxslsyjttt/Build/Intermediates.noindex/Lemon.build/Debug-iphonesimulator/Lemon.build/DerivedSources/arm64 -Xcc -I/Users/shalukahewapatha/Library/Developer/Xcode/DerivedData/Lemon-eoswsefbtkkxlcfdowjxslsyjttt/Build/Intermediates.noindex/Lemon.build/Debug-iphonesimulator/Lemon.build/DerivedSources -Xcc -DDEBUG\=1 -emit-objc-header -emit-objc-header-path /Users/shalukahewapatha/Library/Developer/Xcode/DerivedData/Lemon-eoswsefbtkkxlcfdowjxslsyjttt/Build/Intermediates.noindex/Lemon.build/Debug-iphonesimulator/Lemon.build/Objects-normal/arm64/Lemon-Swift.h -working-directory /Users/shalukahewapatha/Documents/Personal\ Projects/Lemon\ App\ Project/Lemon -experimental-emit-module-separately -disable-cmo

ProcessInfoPlistFile /Users/shalukahewapatha/Library/Developer/Xcode/DerivedData/Lemon-eoswsefbtkkxlcfdowjxslsyjttt/Build/Products/Debug-iphonesimulator/Lemon.app/Info.plist /Users/shalukahewapatha/Documents/Personal\ Projects/Lemon\ App\ Project/Lemon/Lemon/Info.plist (in target 'Lemon' from project 'Lemon')
    cd /Users/shalukahewapatha/Documents/Personal\ Projects/Lemon\ App\ Project/Lemon
    builtin-infoPlistUtility /Users/shalukahewapatha/Documents/Personal\ Projects/Lemon\ App\ Project/Lemon/Lemon/Info.plist -producttype com.apple.product-type.application -genpkginfo /Users/shalukahewapatha/Library/Developer/Xcode/DerivedData/Lemon-eoswsefbtkkxlcfdowjxslsyjttt/Build/Products/Debug-iphonesimulator/Lemon.app/PkgInfo -expandbuildsettings -format binary -platform iphonesimulator -additionalcontentfile /Users/shalukahewapatha/Library/Developer/Xcode/DerivedData/Lemon-eoswsefbtkkxlcfdowjxslsyjttt/Build/Intermediates.noindex/Lemon.build/Debug-iphonesimulator/Lemon.build/assetcatalog_generated_info.plist -scanforprivacyfile /Users/shalukahewapatha/Library/Developer/Xcode/DerivedData/Lemon-eoswsefbtkkxlcfdowjxslsyjttt/Build/Products/Debug-iphonesimulator/Lemon.app/AppAuth_AppAuth.bundle -scanforprivacyfile /Users/shalukahewapatha/Library/Developer/Xcode/DerivedData/Lemon-eoswsefbtkkxlcfdowjxslsyjttt/Build/Products/Debug-iphonesimulator/Lemon.app/AppAuth_AppAuthCore.bundle -scanforprivacyfile /Users/shalukahewapatha/Library/Developer/Xcode/DerivedData/Lemon-eoswsefbtkkxlcfdowjxslsyjttt/Build/Products/Debug-iphonesimulator/Lemon.app/Firebase_FirebaseAuth.bundle -scanforprivacyfile /Users/shalukahewapatha/Library/Developer/Xcode/DerivedData/Lemon-eoswsefbtkkxlcfdowjxslsyjttt/Build/Products/Debug-iphonesimulator/Lemon.app/Firebase_FirebaseCore.bundle -scanforprivacyfile /Users/shalukahewapatha/Library/Developer/Xcode/DerivedData/Lemon-eoswsefbtkkxlcfdowjxslsyjttt/Build/Products/Debug-iphonesimulator/Lemon.app/Firebase_FirebaseCoreExtension.bundle -scanforprivacyfile /Users/shalukahewapatha/Library/Developer/Xcode/DerivedData/Lemon-eoswsefbtkkxlcfdowjxslsyjttt/Build/Products/Debug-iphonesimulator/Lemon.app/Firebase_FirebaseCoreInternal.bundle -scanforprivacyfile /Users/shalukahewapatha/Library/Developer/Xcode/DerivedData/Lemon-eoswsefbtkkxlcfdowjxslsyjttt/Build/Products/Debug-iphonesimulator/Lemon.app/Firebase_FirebaseFirestore.bundle -scanforprivacyfile /Users/shalukahewapatha/Library/Developer/Xcode/DerivedData/Lemon-eoswsefbtkkxlcfdowjxslsyjttt/Build/Products/Debug-iphonesimulator/Lemon.app/Firebase_FirebaseInstallations.bundle -scanforprivacyfile /Users/shalukahewapatha/Library/Developer/Xcode/DerivedData/Lemon-eoswsefbtkkxlcfdowjxslsyjttt/Build/Products/Debug-iphonesimulator/Lemon.app/Frameworks/FirebaseAnalytics.framework -scanforprivacyfile /Users/shalukahewapatha/Library/Developer/Xcode/DerivedData/Lemon-eoswsefbtkkxlcfdowjxslsyjttt/Build/Products/Debug-iphonesimulator/Lemon.app/Frameworks/FirebaseFirestoreInternal.framework -scanforprivacyfile /Users/shalukahewapatha/Library/Developer/Xcode/DerivedData/Lemon-eoswsefbtkkxlcfdowjxslsyjttt/Build/Products/Debug-iphonesimulator/Lemon.app/Frameworks/GoogleAdsOnDeviceConversion.framework -scanforprivacyfile /Users/shalukahewapatha/Library/Developer/Xcode/DerivedData/Lemon-eoswsefbtkkxlcfdowjxslsyjttt/Build/Products/Debug-iphonesimulator/Lemon.app/Frameworks/GoogleAppMeasurement.framework -scanforprivacyfile /Users/shalukahewapatha/Library/Developer/Xcode/DerivedData/Lemon-eoswsefbtkkxlcfdowjxslsyjttt/Build/Products/Debug-iphonesimulator/Lemon.app/Frameworks/GoogleAppMeasurementIdentitySupport.framework -scanforprivacyfile /Users/shalukahewapatha/Library/Developer/Xcode/DerivedData/Lemon-eoswsefbtkkxlcfdowjxslsyjttt/Build/Products/Debug-iphonesimulator/Lemon.app/Frameworks/absl.framework -scanforprivacyfile /Users/shalukahewapatha/Library/Developer/Xcode/DerivedData/Lemon-eoswsefbtkkxlcfdowjxslsyjttt/Build/Products/Debug-iphonesimulator/Lemon.app/Frameworks/grpc.framework -scanforprivacyfile /Users/shalukahewapatha/Library/Developer/Xcode/DerivedData/Lemon-eoswsefbtkkxlcfdowjxslsyjttt/Build/Products/Debug-iphonesimulator/Lemon.app/Frameworks/grpcpp.framework -scanforprivacyfile /Users/shalukahewapatha/Library/Developer/Xcode/DerivedData/Lemon-eoswsefbtkkxlcfdowjxslsyjttt/Build/Products/Debug-iphonesimulator/Lemon.app/Frameworks/openssl_grpc.framework -scanforprivacyfile /Users/shalukahewapatha/Library/Developer/Xcode/DerivedData/Lemon-eoswsefbtkkxlcfdowjxslsyjttt/Build/Products/Debug-iphonesimulator/Lemon.app/GTMAppAuth_GTMAppAuth.bundle -scanforprivacyfile /Users/shalukahewapatha/Library/Developer/Xcode/DerivedData/Lemon-eoswsefbtkkxlcfdowjxslsyjttt/Build/Products/Debug-iphonesimulator/Lemon.app/GTMSessionFetcher_GTMSessionFetcherCore.bundle -scanforprivacyfile /Users/shalukahewapatha/Library/Developer/Xcode/DerivedData/Lemon-eoswsefbtkkxlcfdowjxslsyjttt/Build/Products/Debug-iphonesimulator/Lemon.app/GoogleSignIn_GoogleSignIn.bundle -scanforprivacyfile /Users/shalukahewapatha/Library/Developer/Xcode/DerivedData/Lemon-eoswsefbtkkxlcfdowjxslsyjttt/Build/Products/Debug-iphonesimulator/Lemon.app/GoogleSignIn_GoogleSignInSwift.bundle -scanforprivacyfile /Users/shalukahewapatha/Library/Developer/Xcode/DerivedData/Lemon-eoswsefbtkkxlcfdowjxslsyjttt/Build/Products/Debug-iphonesimulator/Lemon.app/GoogleUtilities_GoogleUtilities-AppDelegateSwizzler.bundle -scanforprivacyfile /Users/shalukahewapatha/Library/Developer/Xcode/DerivedData/Lemon-eoswsefbtkkxlcfdowjxslsyjttt/Build/Products/Debug-iphonesimulator/Lemon.app/GoogleUtilities_GoogleUtilities-Environment.bundle -scanforprivacyfile /Users/shalukahewapatha/Library/Developer/Xcode/DerivedData/Lemon-eoswsefbtkkxlcfdowjxslsyjttt/Build/Products/Debug-iphonesimulator/Lemon.app/GoogleUtilities_GoogleUtilities-Logger.bundle -scanforprivacyfile /Users/shalukahewapatha/Library/Developer/Xcode/DerivedData/Lemon-eoswsefbtkkxlcfdowjxslsyjttt/Build/Products/Debug-iphonesimulator/Lemon.app/GoogleUtilities_GoogleUtilities-MethodSwizzler.bundle -scanforprivacyfile /Users/shalukahewapatha/Library/Developer/Xcode/DerivedData/Lemon-eoswsefbtkkxlcfdowjxslsyjttt/Build/Products/Debug-iphonesimulator/Lemon.app/GoogleUtilities_GoogleUtilities-NSData.bundle -scanforprivacyfile /Users/shalukahewapatha/Library/Developer/Xcode/DerivedData/Lemon-eoswsefbtkkxlcfdowjxslsyjttt/Build/Products/Debug-iphonesimulator/Lemon.app/GoogleUtilities_GoogleUtilities-Network.bundle -scanforprivacyfile /Users/shalukahewapatha/Library/Developer/Xcode/DerivedData/Lemon-eoswsefbtkkxlcfdowjxslsyjttt/Build/Products/Debug-iphonesimulator/Lemon.app/GoogleUtilities_GoogleUtilities-Reachability.bundle -scanforprivacyfile /Users/shalukahewapatha/Library/Developer/Xcode/DerivedData/Lemon-eoswsefbtkkxlcfdowjxslsyjttt/Build/Products/Debug-iphonesimulator/Lemon.app/GoogleUtilities_GoogleUtilities-UserDefaults.bundle -scanforprivacyfile /Users/shalukahewapatha/Library/Developer/Xcode/DerivedData/Lemon-eoswsefbtkkxlcfdowjxslsyjttt/Build/Products/Debug-iphonesimulator/Lemon.app/Promises_FBLPromises.bundle -scanforprivacyfile /Users/shalukahewapatha/Library/Developer/Xcode/DerivedData/Lemon-eoswsefbtkkxlcfdowjxslsyjttt/Build/Products/Debug-iphonesimulator/Lemon.app/abseil_abslWrapper.bundle -scanforprivacyfile /Users/shalukahewapatha/Library/Developer/Xcode/DerivedData/Lemon-eoswsefbtkkxlcfdowjxslsyjttt/Build/Products/Debug-iphonesimulator/Lemon.app/gRPC_grpcWrapper.bundle -scanforprivacyfile /Users/shalukahewapatha/Library/Developer/Xcode/DerivedData/Lemon-eoswsefbtkkxlcfdowjxslsyjttt/Build/Products/Debug-iphonesimulator/Lemon.app/gRPC_grpcppWrapper.bundle -scanforprivacyfile /Users/shalukahewapatha/Library/Developer/Xcode/DerivedData/Lemon-eoswsefbtkkxlcfdowjxslsyjttt/Build/Products/Debug-iphonesimulator/Lemon.app/gRPC_opensslWrapper.bundle -scanforprivacyfile /Users/shalukahewapatha/Library/Developer/Xcode/DerivedData/Lemon-eoswsefbtkkxlcfdowjxslsyjttt/Build/Products/Debug-iphonesimulator/Lemon.app/leveldb_leveldb.bundle -scanforprivacyfile /Users/shalukahewapatha/Library/Developer/Xcode/DerivedData/Lemon-eoswsefbtkkxlcfdowjxslsyjttt/Build/Products/Debug-iphonesimulator/Lemon.app/nanopb_nanopb.bundle -o /Users/shalukahewapatha/Library/Developer/Xcode/DerivedData/Lemon-eoswsefbtkkxlcfdowjxslsyjttt/Build/Products/Debug-iphonesimulator/Lemon.app/Info.plist

SwiftCompile normal arm64 Compiling\ ScooterService.swift,\ AuthViewModel.swift /Users/shalukahewapatha/Documents/Personal\ Projects/Lemon\ App\ Project/Lemon/Lemon/Utilities/ScooterService.swift /Users/shalukahewapatha/Documents/Personal\ Projects/Lemon\ App\ Project/Lemon/Lemon/ViewModels/AuthViewModel.swift (in target 'Lemon' from project 'Lemon')

SwiftCompile normal arm64 /Users/shalukahewapatha/Documents/Personal\ Projects/Lemon\ App\ Project/Lemon/Lemon/Utilities/ScooterService.swift (in target 'Lemon' from project 'Lemon')
    cd /Users/shalukahewapatha/Documents/Personal\ Projects/Lemon\ App\ Project/Lemon
    

SwiftCompile normal arm64 /Users/shalukahewapatha/Documents/Personal\ Projects/Lemon\ App\ Project/Lemon/Lemon/ViewModels/AuthViewModel.swift (in target 'Lemon' from project 'Lemon')
    cd /Users/shalukahewapatha/Documents/Personal\ Projects/Lemon\ App\ Project/Lemon
    

SwiftCompile normal arm64 Compiling\ RootView.swift /Users/shalukahewapatha/Documents/Personal\ Projects/Lemon\ App\ Project/Lemon/Lemon/Views/RootView.swift (in target 'Lemon' from project 'Lemon')

SwiftCompile normal arm64 /Users/shalukahewapatha/Documents/Personal\ Projects/Lemon\ App\ Project/Lemon/Lemon/Views/RootView.swift (in target 'Lemon' from project 'Lemon')
    cd /Users/shalukahewapatha/Documents/Personal\ Projects/Lemon\ App\ Project/Lemon
    

SwiftCompile normal arm64 Compiling\ ActiveRideView.swift,\ LoginView.swift /Users/shalukahewapatha/Documents/Personal\ Projects/Lemon\ App\ Project/Lemon/Lemon/Views/ActiveRideView.swift /Users/shalukahewapatha/Documents/Personal\ Projects/Lemon\ App\ Project/Lemon/Lemon/Views/LoginView.swift (in target 'Lemon' from project 'Lemon')
SwiftCompile normal arm64 /Users/shalukahewapatha/Documents/Personal\ Projects/Lemon\ App\ Project/Lemon/Lemon/Views/ActiveRideView.swift (in target 'Lemon' from project 'Lemon')
    cd /Users/shalukahewapatha/Documents/Personal\ Projects/Lemon\ App\ Project/Lemon
    

SwiftCompile normal arm64 /Users/shalukahewapatha/Documents/Personal\ Projects/Lemon\ App\ Project/Lemon/Lemon/Views/LoginView.swift (in target 'Lemon' from project 'Lemon')
    cd /Users/shalukahewapatha/Documents/Personal\ Projects/Lemon\ App\ Project/Lemon
    

SwiftCompile normal arm64 Compiling\ MainDashboardView.swift,\ ParkingVerificationView.swift /Users/shalukahewapatha/Documents/Personal\ Projects/Lemon\ App\ Project/Lemon/Lemon/Views/MainDashboardView.swift /Users/shalukahewapatha/Documents/Personal\ Projects/Lemon\ App\ Project/Lemon/Lemon/Views/ParkingVerificationView.swift (in target 'Lemon' from project 'Lemon')

SwiftCompile normal arm64 /Users/shalukahewapatha/Documents/Personal\ Projects/Lemon\ App\ Project/Lemon/Lemon/Views/MainDashboardView.swift (in target 'Lemon' from project 'Lemon')
    cd /Users/shalukahewapatha/Documents/Personal\ Projects/Lemon\ App\ Project/Lemon
    

SwiftCompile normal arm64 /Users/shalukahewapatha/Documents/Personal\ Projects/Lemon\ App\ Project/Lemon/Lemon/Views/ParkingVerificationView.swift (in target 'Lemon' from project 'Lemon')
    cd /Users/shalukahewapatha/Documents/Personal\ Projects/Lemon\ App\ Project/Lemon
    

SwiftCompile normal arm64 Compiling\ ProfileView.swift,\ RideHistoryView.swift /Users/shalukahewapatha/Documents/Personal\ Projects/Lemon\ App\ Project/Lemon/Lemon/Views/ProfileView.swift /Users/shalukahewapatha/Documents/Personal\ Projects/Lemon\ App\ Project/Lemon/Lemon/Views/RideHistoryView.swift (in target 'Lemon' from project 'Lemon')

SwiftCompile normal arm64 /Users/shalukahewapatha/Documents/Personal\ Projects/Lemon\ App\ Project/Lemon/Lemon/Views/ProfileView.swift (in target 'Lemon' from project 'Lemon')
    cd /Users/shalukahewapatha/Documents/Personal\ Projects/Lemon\ App\ Project/Lemon
    

SwiftCompile normal arm64 /Users/shalukahewapatha/Documents/Personal\ Projects/Lemon\ App\ Project/Lemon/Lemon/Views/RideHistoryView.swift (in target 'Lemon' from project 'Lemon')
    cd /Users/shalukahewapatha/Documents/Personal\ Projects/Lemon\ App\ Project/Lemon
    

SwiftEmitModule normal arm64 Emitting\ module\ for\ Lemon (in target 'Lemon' from project 'Lemon')
Failed frontend command:
/Applications/Xcode.app/Contents/Developer/Toolchains/XcodeDefault.xctoolchain/usr/bin/swift-frontend -frontend -emit-module -experimental-skip-non-inlinable-function-bodies-without-types /Users/shalukahewapatha/Documents/Personal\ Projects/Lemon\ App\ Project/Lemon/Lemon/Models/RideRecord.swift /Users/shalukahewapatha/Documents/Personal\ Projects/Lemon\ App\ Project/Lemon/Lemon/Models/Scooter.swift /Users/shalukahewapatha/Documents/Personal\ Projects/Lemon\ App\ Project/Lemon/Lemon/Utilities/AppColors.swift /Users/shalukahewapatha/Documents/Personal\ Projects/Lemon\ App\ Project/Lemon/Lemon/Utilities/CameraManager.swift /Users/shalukahewapatha/Documents/Personal\ Projects/Lemon\ App\ Project/Lemon/Lemon/Utilities/FirebaseConfig.swift /Users/shalukahewapatha/Documents/Personal\ Projects/Lemon\ App\ Project/Lemon/Lemon/Utilities/HapticManager.swift /Users/shalukahewapatha/Documents/Personal\ Projects/Lemon\ App\ Project/Lemon/Lemon/Utilities/LocationManager.swift /Users/shalukahewapatha/Documents/Personal\ Projects/Lemon\ App\ Project/Lemon/Lemon/Utilities/NotificationManager.swift /Users/shalukahewapatha/Documents/Personal\ Projects/Lemon\ App\ Project/Lemon/Lemon/Utilities/ScooterService.swift /Users/shalukahewapatha/Documents/Personal\ Projects/Lemon\ App\ Project/Lemon/Lemon/Utilities/SlowZoneManager.swift /Users/shalukahewapatha/Documents/Personal\ Projects/Lemon\ App\ Project/Lemon/Lemon/Utilities/UIImage+Extensions.swift /Users/shalukahewapatha/Documents/Personal\ Projects/Lemon\ App\ Project/Lemon/Lemon/Utilities/ViewExtensions.swift /Users/shalukahewapatha/Documents/Personal\ Projects/Lemon\ App\ Project/Lemon/Lemon/ViewModels/AuthViewModel.swift /Users/shalukahewapatha/Documents/Personal\ Projects/Lemon\ App\ Project/Lemon/Lemon/ViewModels/ScooterViewModel.swift /Users/shalukahewapatha/Documents/Personal\ Projects/Lemon\ App\ Project/Lemon/Lemon/Views/Components/ActionButton.swift /Users/shalukahewapatha/Documents/Personal\ Projects/Lemon\ App\ Project/Lemon/Lemon/Views/Components/CameraCaptureView.swift /Users/shalukahewapatha/Documents/Personal\ Projects/Lemon\ App\ Project/Lemon/Lemon/Views/Components/QRScannerView.swift /Users/shalukahewapatha/Documents/Personal\ Projects/Lemon\ App\ Project/Lemon/Lemon/Views/Components/ScooterCard.swift /Users/shalukahewapatha/Documents/Personal\ Projects/Lemon\ App\ Project/Lemon/Lemon/Views/Components/ScooterCardView.swift /Users/shalukahewapatha/Documents/Personal\ Projects/Lemon\ App\ Project/Lemon/Lemon/Views/ActiveRideView.swift /Users/shalukahewapatha/Documents/Personal\ Projects/Lemon\ App\ Project/Lemon/Lemon/Views/GroupRideSelectionView.swift /Users/shalukahewapatha/Documents/Personal\ Projects/Lemon\ App\ Project/Lemon/Lemon/Views/GroupRideView.swift /Users/shalukahewapatha/Documents/Personal\ Projects/Lemon\ App\ Project/Lemon/Lemon/Views/LoginView.swift /Users/shalukahewapatha/Documents/Personal\ Projects/Lemon\ App\ Project/Lemon/Lemon/Views/MainDashboardView.swift /Users/shalukahewapatha/Documents/Personal\ Projects/Lemon\ App\ Project/Lemon/Lemon/Views/MapView.swift /Users/shalukahewapatha/Documents/Personal\ Projects/Lemon\ App\ Project/Lemon/Lemon/Views/ParkingVerificationView.swift /Users/shalukahewapatha/Documents/Personal\ Projects/Lemon\ App\ Project/Lemon/Lemon/Views/PaymentView.swift /Users/shalukahewapatha/Documents/Personal\ Projects/Lemon\ App\ Project/Lemon/Lemon/Views/ProfileView.swift /Users/shalukahewapatha/Documents/Personal\ Projects/Lemon\ App\ Project/Lemon/Lemon/Views/ReservationView.swift /Users/shalukahewapatha/Documents/Personal\ Projects/Lemon\ App\ Project/Lemon/Lemon/Views/RideHistoryView.swift /Users/shalukahewapatha/Documents/Personal\ Projects/Lemon\ App\ Project/Lemon/Lemon/Views/RootView.swift /Users/shalukahewapatha/Documents/Personal\ Projects/Lemon\ App\ Project/Lemon/Lemon/Views/SafetyTutorialView.swift /Users/shalukahewapatha/Documents/Personal\ Projects/Lemon\ App\ Project/Lemon/Lemon/Views/ScanningView.swift /Users/shalukahewapatha/Documents/Personal\ Projects/Lemon\ App\ Project/Lemon/Lemon/Views/SettingsView.swift /Users/shalukahewapatha/Documents/Personal\ Projects/Lemon\ App\ Project/Lemon/Lemon/Views/SideMenuView.swift /Users/shalukahewapatha/Documents/Personal\ Projects/Lemon\ App\ Project/Lemon/Lemon/Views/SignupView.swift /Users/shalukahewapatha/Documents/Personal\ Projects/Lemon\ App\ Project/Lemon/Lemon/Views/SupportView.swift /Users/shalukahewapatha/Documents/Personal\ Projects/Lemon\ App\ Project/Lemon/Lemon/Views/TripSummaryView.swift /Users/shalukahewapatha/Documents/Personal\ Projects/Lemon\ App\ Project/Lemon/Lemon/LemonApp.swift /Users/shalukahewapatha/Documents/Personal\ Projects/Lemon\ App\ Project/Lemon/Lemon/LemonAppDelegate.swift /Users/shalukahewapatha/Library/Developer/Xcode/DerivedData/Lemon-eoswsefbtkkxlcfdowjxslsyjttt/Build/Intermediates.noindex/Lemon.build/Debug-iphonesimulator/Lemon.build/DerivedSources/GeneratedAssetSymbols.swift -target arm64-apple-ios26.2-simulator -module-can-import-version DeveloperToolsSupport 23.0.4 23.0.4 -module-can-import-version SwiftUI 7.2.5.1 7.2.5 -module-can-import-version UIKit 9126.2.4.1 9126.2.4 -disable-cross-import-overlay-search -swift-module-cross-import AuthenticationServices /Applications/Xcode.app/Contents/Developer/Platforms/iPhoneSimulator.platform/Developer/SDKs/iPhoneSimulator.sdk/System/Cryptexes/OS/System/Library/Frameworks/AuthenticationServices.framework/Modules/AuthenticationServices.swiftcrossimport/SwiftUI.swiftoverlay -swift-module-cross-import AuthenticationServices /Applications/Xcode.app/Contents/Developer/Platforms/iPhoneSimulator.platform/Developer/SDKs/iPhoneSimulator26.2.sdk/System/Library/Frameworks/AuthenticationServices.framework/Modules/AuthenticationServices.swiftcrossimport/SwiftUI.swiftoverlay -swift-module-cross-import MapKit /Applications/Xcode.app/Contents/Developer/Platforms/iPhoneSimulator.platform/Developer/SDKs/iPhoneSimulator.sdk/System/Library/Frameworks/MapKit.framework/Modules/MapKit.swiftcrossimport/SwiftUI.swiftoverlay -load-resolved-plugin /Applications/Xcode.app/Contents/Developer/Platforms/iPhoneOS.platform/Developer/usr/lib/swift/host/plugins/libFoundationMacros.dylib\#/Applications/Xcode.app/Contents/Developer/Platforms/iPhoneOS.platform/Developer/usr/bin/swift-plugin-server\#FoundationMacros -load-resolved-plugin /Applications/Xcode.app/Contents/Developer/Platforms/iPhoneOS.platform/Developer/usr/lib/swift/host/plugins/libObservationMacros.dylib\#/Applications/Xcode.app/Contents/Developer/Platforms/iPhoneOS.platform/Developer/usr/bin/swift-plugin-server\#ObservationMacros -load-resolved-plugin /Applications/Xcode.app/Contents/Developer/Platforms/iPhoneOS.platform/Developer/usr/lib/swift/host/plugins/libPreviewsMacros.dylib\#/Applications/Xcode.app/Contents/Developer/Platforms/iPhoneOS.platform/Developer/usr/bin/swift-plugin-server\#PreviewsMacros -load-resolved-plugin /Applications/Xcode.app/Contents/Developer/Platforms/iPhoneOS.platform/Developer/usr/lib/swift/host/plugins/libSwiftMacros.dylib\#/Applications/Xcode.app/Contents/Developer/Platforms/iPhoneOS.platform/Developer/usr/bin/swift-plugin-server\#SwiftMacros -load-resolved-plugin /Applications/Xcode.app/Contents/Developer/Platforms/iPhoneOS.platform/Developer/usr/lib/swift/host/plugins/libSwiftUIMacros.dylib\#/Applications/Xcode.app/Contents/Developer/Platforms/iPhoneOS.platform/Developer/usr/bin/swift-plugin-server\#SwiftUIMacros -disable-implicit-swift-modules -Xcc -fno-implicit-modules -Xcc -fno-implicit-module-maps -explicit-swift-module-map-file /Users/shalukahewapatha/Library/Developer/Xcode/DerivedData/Lemon-eoswsefbtkkxlcfdowjxslsyjttt/Build/Intermediates.noindex/Lemon.build/Debug-iphonesimulator/Lemon.build/Objects-normal/arm64/Lemon-dependencies-1.json -Xllvm -aarch64-use-tbi -enable-objc-interop -sdk /Applications/Xcode.app/Contents/Developer/Platforms/iPhoneSimulator.platform/Developer/SDKs/iPhoneSimulator26.2.sdk -I /Users/shalukahewapatha/Library/Developer/Xcode/DerivedData/Lemon-eoswsefbtkkxlcfdowjxslsyjttt/Build/Products/Debug-iphonesimulator -F /Users/shalukahewapatha/Library/Developer/Xcode/DerivedData/Lemon-eoswsefbtkkxlcfdowjxslsyjttt/Build/Products/Debug-iphonesimulator/PackageFrameworks -F /Users/shalukahewapatha/Library/Developer/Xcode/DerivedData/Lemon-eoswsefbtkkxlcfdowjxslsyjttt/Build/Products/Debug-iphonesimulator/PackageFrameworks -F /Users/shalukahewapatha/Library/Developer/Xcode/DerivedData/Lemon-eoswsefbtkkxlcfdowjxslsyjttt/Build/Products/Debug-iphonesimulator/PackageFrameworks -F /Users/shalukahewapatha/Library/Developer/Xcode/DerivedData/Lemon-eoswsefbtkkxlcfdowjxslsyjttt/Build/Products/Debug-iphonesimulator/PackageFrameworks -F /Users/shalukahewapatha/Library/Developer/Xcode/DerivedData/Lemon-eoswsefbtkkxlcfdowjxslsyjttt/Build/Products/Debug-iphonesimulator/PackageFrameworks -F /Users/shalukahewapatha/Library/Developer/Xcode/DerivedData/Lemon-eoswsefbtkkxlcfdowjxslsyjttt/Build/Products/Debug-iphonesimulator/PackageFrameworks -F /Users/shalukahewapatha/Library/Developer/Xcode/DerivedData/Lemon-eoswsefbtkkxlcfdowjxslsyjttt/Build/Products/Debug-iphonesimulator/PackageFrameworks -F /Users/shalukahewapatha/Library/Developer/Xcode/DerivedData/Lemon-eoswsefbtkkxlcfdowjxslsyjttt/Build/Products/Debug-iphonesimulator/PackageFrameworks -F /Users/shalukahewapatha/Library/Developer/Xcode/DerivedData/Lemon-eoswsefbtkkxlcfdowjxslsyjttt/Build/Products/Debug-iphonesimulator/PackageFrameworks -F /Users/shalukahewapatha/Library/Developer/Xcode/DerivedData/Lemon-eoswsefbtkkxlcfdowjxslsyjttt/Build/Products/Debug-iphonesimulator/PackageFrameworks -F /Users/shalukahewapatha/Library/Developer/Xcode/DerivedData/Lemon-eoswsefbtkkxlcfdowjxslsyjttt/Build/Products/Debug-iphonesimulator/PackageFrameworks -F /Users/shalukahewapatha/Library/Developer/Xcode/DerivedData/Lemon-eoswsefbtkkxlcfdowjxslsyjttt/Build/Products/Debug-iphonesimulator/PackageFrameworks -F /Users/shalukahewapatha/Library/Developer/Xcode/DerivedData/Lemon-eoswsefbtkkxlcfdowjxslsyjttt/Build/Products/Debug-iphonesimulator/PackageFrameworks -F /Users/shalukahewapatha/Library/Developer/Xcode/DerivedData/Lemon-eoswsefbtkkxlcfdowjxslsyjttt/Build/Products/Debug-iphonesimulator/PackageFrameworks -F /Users/shalukahewapatha/Library/Developer/Xcode/DerivedData/Lemon-eoswsefbtkkxlcfdowjxslsyjttt/Build/Products/Debug-iphonesimulator/PackageFrameworks -F /Users/shalukahewapatha/Library/Developer/Xcode/DerivedData/Lemon-eoswsefbtkkxlcfdowjxslsyjttt/Build/Products/Debug-iphonesimulator/PackageFrameworks -F /Users/shalukahewapatha/Library/Developer/Xcode/DerivedData/Lemon-eoswsefbtkkxlcfdowjxslsyjttt/Build/Products/Debug-iphonesimulator/PackageFrameworks -F /Users/shalukahewapatha/Library/Developer/Xcode/DerivedData/Lemon-eoswsefbtkkxlcfdowjxslsyjttt/Build/Products/Debug-iphonesimulator/PackageFrameworks -F /Users/shalukahewapatha/Library/Developer/Xcode/DerivedData/Lemon-eoswsefbtkkxlcfdowjxslsyjttt/Build/Products/Debug-iphonesimulator/PackageFrameworks -F /Users/shalukahewapatha/Library/Developer/Xcode/DerivedData/Lemon-eoswsefbtkkxlcfdowjxslsyjttt/Build/Products/Debug-iphonesimulator/PackageFrameworks -F /Users/shalukahewapatha/Library/Developer/Xcode/DerivedData/Lemon-eoswsefbtkkxlcfdowjxslsyjttt/Build/Products/Debug-iphonesimulator/PackageFrameworks -F /Users/shalukahewapatha/Library/Developer/Xcode/DerivedData/Lemon-eoswsefbtkkxlcfdowjxslsyjttt/Build/Products/Debug-iphonesimulator/PackageFrameworks -F /Users/shalukahewapatha/Library/Developer/Xcode/DerivedData/Lemon-eoswsefbtkkxlcfdowjxslsyjttt/Build/Products/Debug-iphonesimulator/PackageFrameworks -F /Users/shalukahewapatha/Library/Developer/Xcode/DerivedData/Lemon-eoswsefbtkkxlcfdowjxslsyjttt/Build/Products/Debug-iphonesimulator/PackageFrameworks -F /Users/shalukahewapatha/Library/Developer/Xcode/DerivedData/Lemon-eoswsefbtkkxlcfdowjxslsyjttt/Build/Products/Debug-iphonesimulator/PackageFrameworks -F /Users/shalukahewapatha/Library/Developer/Xcode/DerivedData/Lemon-eoswsefbtkkxlcfdowjxslsyjttt/Build/Products/Debug-iphonesimulator/PackageFrameworks -F /Users/shalukahewapatha/Library/Developer/Xcode/DerivedData/Lemon-eoswsefbtkkxlcfdowjxslsyjttt/Build/Products/Debug-iphonesimulator/PackageFrameworks -F /Users/shalukahewapatha/Library/Developer/Xcode/DerivedData/Lemon-eoswsefbtkkxlcfdowjxslsyjttt/Build/Products/Debug-iphonesimulator/PackageFrameworks -F /Users/shalukahewapatha/Library/Developer/Xcode/DerivedData/Lemon-eoswsefbtkkxlcfdowjxslsyjttt/Build/Products/Debug-iphonesimulator/PackageFrameworks -F /Users/shalukahewapatha/Library/Developer/Xcode/DerivedData/Lemon-eoswsefbtkkxlcfdowjxslsyjttt/Build/Products/Debug-iphonesimulator/PackageFrameworks -F /Users/shalukahewapatha/Library/Developer/Xcode/DerivedData/Lemon-eoswsefbtkkxlcfdowjxslsyjttt/Build/Products/Debug-iphonesimulator/PackageFrameworks -F /Users/shalukahewapatha/Library/Developer/Xcode/DerivedData/Lemon-eoswsefbtkkxlcfdowjxslsyjttt/Build/Products/Debug-iphonesimulator/PackageFrameworks -F /Users/shalukahewapatha/Library/Developer/Xcode/DerivedData/Lemon-eoswsefbtkkxlcfdowjxslsyjttt/Build/Products/Debug-iphonesimulator/PackageFrameworks -F /Users/shalukahewapatha/Library/Developer/Xcode/DerivedData/Lemon-eoswsefbtkkxlcfdowjxslsyjttt/Build/Products/Debug-iphonesimulator/PackageFrameworks -F /Users/shalukahewapatha/Library/Developer/Xcode/DerivedData/Lemon-eoswsefbtkkxlcfdowjxslsyjttt/Build/Products/Debug-iphonesimulator/PackageFrameworks -F /Users/shalukahewapatha/Library/Developer/Xcode/DerivedData/Lemon-eoswsefbtkkxlcfdowjxslsyjttt/Build/Products/Debug-iphonesimulator/PackageFrameworks -F /Users/shalukahewapatha/Library/Developer/Xcode/DerivedData/Lemon-eoswsefbtkkxlcfdowjxslsyjttt/Build/Products/Debug-iphonesimulator/PackageFrameworks -F /Users/shalukahewapatha/Library/Developer/Xcode/DerivedData/Lemon-eoswsefbtkkxlcfdowjxslsyjttt/Build/Products/Debug-iphonesimulator/PackageFrameworks -F /Users/shalukahewapatha/Library/Developer/Xcode/DerivedData/Lemon-eoswsefbtkkxlcfdowjxslsyjttt/Build/Products/Debug-iphonesimulator/PackageFrameworks -F /Users/shalukahewapatha/Library/Developer/Xcode/DerivedData/Lemon-eoswsefbtkkxlcfdowjxslsyjttt/Build/Products/Debug-iphonesimulator/PackageFrameworks -F /Users/shalukahewapatha/Library/Developer/Xcode/DerivedData/Lemon-eoswsefbtkkxlcfdowjxslsyjttt/Build/Products/Debug-iphonesimulator/PackageFrameworks -F /Users/shalukahewapatha/Library/Developer/Xcode/DerivedData/Lemon-eoswsefbtkkxlcfdowjxslsyjttt/Build/Products/Debug-iphonesimulator/PackageFrameworks -F /Users/shalukahewapatha/Library/Developer/Xcode/DerivedData/Lemon-eoswsefbtkkxlcfdowjxslsyjttt/Build/Products/Debug-iphonesimulator/PackageFrameworks -F /Users/shalukahewapatha/Library/Developer/Xcode/DerivedData/Lemon-eoswsefbtkkxlcfdowjxslsyjttt/Build/Products/Debug-iphonesimulator/PackageFrameworks -F /Users/shalukahewapatha/Library/Developer/Xcode/DerivedData/Lemon-eoswsefbtkkxlcfdowjxslsyjttt/Build/Products/Debug-iphonesimulator/PackageFrameworks -F /Users/shalukahewapatha/Library/Developer/Xcode/DerivedData/Lemon-eoswsefbtkkxlcfdowjxslsyjttt/Build/Products/Debug-iphonesimulator/PackageFrameworks -F /Users/shalukahewapatha/Library/Developer/Xcode/DerivedData/Lemon-eoswsefbtkkxlcfdowjxslsyjttt/Build/Products/Debug-iphonesimulator/PackageFrameworks -F /Users/shalukahewapatha/Library/Developer/Xcode/DerivedData/Lemon-eoswsefbtkkxlcfdowjxslsyjttt/Build/Products/Debug-iphonesimulator/PackageFrameworks -F /Users/shalukahewapatha/Library/Developer/Xcode/DerivedData/Lemon-eoswsefbtkkxlcfdowjxslsyjttt/Build/Products/Debug-iphonesimulator -no-color-diagnostics -Xcc -fno-color-diagnostics -enable-testing -g -debug-info-format\=dwarf -dwarf-version\=5 -module-cache-path /Users/shalukahewapatha/Library/Developer/Xcode/DerivedData/Lemon-eoswsefbtkkxlcfdowjxslsyjttt/Build/Intermediates.noindex/SwiftExplicitPrecompiledModules -swift-version 5 -enforce-exclusivity\=checked -Onone -D DEBUG -serialize-debugging-options -const-gather-protocols-file /Users/shalukahewapatha/Library/Developer/Xcode/DerivedData/Lemon-eoswsefbtkkxlcfdowjxslsyjttt/Build/Intermediates.noindex/Lemon.build/Debug-iphonesimulator/Lemon.build/Objects-normal/arm64/Lemon_const_extract_protocols.json -enable-upcoming-feature DisableOutwardActorInference -enable-upcoming-feature InferSendableFromCaptures -enable-upcoming-feature GlobalActorIsolatedTypesUsability -enable-upcoming-feature MemberImportVisibility -enable-upcoming-feature InferIsolatedConformances -enable-upcoming-feature NonisolatedNonsendingByDefault -enable-experimental-feature DebugDescriptionMacro -enable-bare-slash-regex -default-isolation\=MainActor -empty-abi-descriptor -validate-clang-modules-once -clang-build-session-file /Users/shalukahewapatha/Library/Developer/Xcode/DerivedData/ModuleCache.noindex/Session.modulevalidation -Xcc -working-directory -Xcc /Users/shalukahewapatha/Documents/Personal\ Projects/Lemon\ App\ Project/Lemon -enable-anonymous-context-mangled-names -file-compilation-dir /Users/shalukahewapatha/Documents/Personal\ Projects/Lemon\ App\ Project/Lemon -Xcc -fmodule-map-file\=/Users/shalukahewapatha/Library/Developer/Xcode/DerivedData/Lemon-eoswsefbtkkxlcfdowjxslsyjttt/Build/Intermediates.noindex/GeneratedModuleMaps-iphonesimulator/GoogleAdsOnDeviceConversionTarget.modulemap -Xcc -fmodule-map-file\=/Users/shalukahewapatha/Library/Developer/Xcode/DerivedData/Lemon-eoswsefbtkkxlcfdowjxslsyjttt/Build/Intermediates.noindex/GeneratedModuleMaps-iphonesimulator/GoogleAppMeasurementTarget.modulemap -Xcc -fmodule-map-file\=/Users/shalukahewapatha/Library/Developer/Xcode/DerivedData/Lemon-eoswsefbtkkxlcfdowjxslsyjttt/Build/Intermediates.noindex/GeneratedModuleMaps-iphonesimulator/FirebaseAnalyticsWrapper.modulemap -Xcc -fmodule-map-file\=/Users/shalukahewapatha/Library/Developer/Xcode/DerivedData/Lemon-eoswsefbtkkxlcfdowjxslsyjttt/Build/Intermediates.noindex/GeneratedModuleMaps-iphonesimulator/FirebaseAnalyticsTarget.modulemap -Xcc -fmodule-map-file\=/Users/shalukahewapatha/Library/Developer/Xcode/DerivedData/Lemon-eoswsefbtkkxlcfdowjxslsyjttt/Build/Intermediates.noindex/GeneratedModuleMaps-iphonesimulator/RecaptchaInterop.modulemap -Xcc -fmodule-map-file\=/Users/shalukahewapatha/Library/Developer/Xcode/DerivedData/Lemon-eoswsefbtkkxlcfdowjxslsyjttt/Build/Intermediates.noindex/GeneratedModuleMaps-iphonesimulator/FirebaseAuthInternal.modulemap -Xcc -fmodule-map-file\=/Users/shalukahewapatha/Library/Developer/Xcode/DerivedData/Lemon-eoswsefbtkkxlcfdowjxslsyjttt/Build/Intermediates.noindex/GeneratedModuleMaps-iphonesimulator/FirebaseAuthInterop.modulemap -Xcc -fmodule-map-file\=/Users/shalukahewapatha/Library/Developer/Xcode/DerivedData/Lemon-eoswsefbtkkxlcfdowjxslsyjttt/Build/Intermediates.noindex/GeneratedModuleMaps-iphonesimulator/GoogleAppMeasurementIdentitySupportTarget.modulemap -Xcc -fmodule-map-file\=/Users/shalukahewapatha/Library/Developer/Xcode/DerivedData/Lemon-eoswsefbtkkxlcfdowjxslsyjttt/Build/Intermediates.noindex/GeneratedModuleMaps-iphonesimulator/FirebaseAnalyticsIdentitySupportTarget.modulemap -Xcc -fmodule-map-file\=/Users/shalukahewapatha/Library/Developer/Xcode/DerivedData/Lemon-eoswsefbtkkxlcfdowjxslsyjttt/Build/Intermediates.noindex/GeneratedModuleMaps-iphonesimulator/abslWrapper.modulemap -Xcc -fmodule-map-file\=/Users/shalukahewapatha/Library/Developer/Xcode/DerivedData/Lemon-eoswsefbtkkxlcfdowjxslsyjttt/Build/Intermediates.noindex/GeneratedModuleMaps-iphonesimulator/opensslWrapper.modulemap -Xcc -fmodule-map-file\=/Users/shalukahewapatha/Library/Developer/Xcode/DerivedData/Lemon-eoswsefbtkkxlcfdowjxslsyjttt/Build/Intermediates.noindex/GeneratedModuleMaps-iphonesimulator/grpcWrapper.modulemap -Xcc -fmodule-map-file\=/Users/shalukahewapatha/Library/Developer/Xcode/DerivedData/Lemon-eoswsefbtkkxlcfdowjxslsyjttt/Build/Intermediates.noindex/GeneratedModuleMaps-iphonesimulator/grpcppWrapper.modulemap -Xcc -fmodule-map-file\=/Users/shalukahewapatha/Library/Developer/Xcode/DerivedData/Lemon-eoswsefbtkkxlcfdowjxslsyjttt/Build/Intermediates.noindex/GeneratedModuleMaps-iphonesimulator/FirebaseCoreExtension.modulemap -Xcc -fmodule-map-file\=/Users/shalukahewapatha/Library/Developer/Xcode/DerivedData/Lemon-eoswsefbtkkxlcfdowjxslsyjttt/Build/Intermediates.noindex/GeneratedModuleMaps-iphonesimulator/FirebaseFirestoreInternalWrapper.modulemap -Xcc -fmodule-map-file\=/Users/shalukahewapatha/Library/Developer/Xcode/DerivedData/Lemon-eoswsefbtkkxlcfdowjxslsyjttt/Build/Intermediates.noindex/GeneratedModuleMaps-iphonesimulator/FirebaseFirestoreTarget.modulemap -Xcc -fmodule-map-file\=/Users/shalukahewapatha/Library/Developer/Xcode/DerivedData/Lemon-eoswsefbtkkxlcfdowjxslsyjttt/Build/Intermediates.noindex/GeneratedModuleMaps-iphonesimulator/GoogleAppMeasurementCoreTarget.modulemap -Xcc -fmodule-map-file\=/Users/shalukahewapatha/Library/Developer/Xcode/DerivedData/Lemon-eoswsefbtkkxlcfdowjxslsyjttt/Build/Intermediates.noindex/GeneratedModuleMaps-iphonesimulator/GoogleUtilities-AppDelegateSwizzler.modulemap -Xcc -fmodule-map-file\=/Users/shalukahewapatha/Library/Developer/Xcode/DerivedData/Lemon-eoswsefbtkkxlcfdowjxslsyjttt/Build/Intermediates.noindex/GeneratedModuleMaps-iphonesimulator/GoogleUtilities-MethodSwizzler.modulemap -Xcc -fmodule-map-file\=/Users/shalukahewapatha/Library/Developer/Xcode/DerivedData/Lemon-eoswsefbtkkxlcfdowjxslsyjttt/Build/Intermediates.noindex/GeneratedModuleMaps-iphonesimulator/GoogleUtilities-Reachability.modulemap -Xcc -fmodule-map-file\=/Users/shalukahewapatha/Library/Developer/Xcode/DerivedData/Lemon-eoswsefbtkkxlcfdowjxslsyjttt/Build/Intermediates.noindex/GeneratedModuleMaps-iphonesimulator/GoogleUtilities-Network.modulemap -Xcc -fmodule-map-file\=/Users/shalukahewapatha/Library/Developer/Xcode/DerivedData/Lemon-eoswsefbtkkxlcfdowjxslsyjttt/Build/Intermediates.noindex/GeneratedModuleMaps-iphonesimulator/nanopb.modulemap -Xcc -fmodule-map-file\=/Users/shalukahewapatha/Library/Developer/Xcode/DerivedData/Lemon-eoswsefbtkkxlcfdowjxslsyjttt/Build/Intermediates.noindex/GeneratedModuleMaps-iphonesimulator/FirebaseAnalyticsCoreWrapper.modulemap -Xcc -fmodule-map-file\=/Users/shalukahewapatha/Library/Developer/Xcode/DerivedData/Lemon-eoswsefbtkkxlcfdowjxslsyjttt/Build/Intermediates.noindex/GeneratedModuleMaps-iphonesimulator/FirebaseInstallations.modulemap -Xcc -fmodule-map-file\=/Users/shalukahewapatha/Library/Developer/Xcode/DerivedData/Lemon-eoswsefbtkkxlcfdowjxslsyjttt/Build/Intermediates.noindex/GeneratedModuleMaps-iphonesimulator/FirebaseAnalyticsCoreTarget.modulemap -Xcc -fmodule-map-file\=/Users/shalukahewapatha/Library/Developer/Xcode/DerivedData/Lemon-eoswsefbtkkxlcfdowjxslsyjttt/Build/Intermediates.noindex/GeneratedModuleMaps-iphonesimulator/GoogleUtilities-NSData.modulemap -Xcc -fmodule-map-file\=/Users/shalukahewapatha/Library/Developer/Xcode/DerivedData/Lemon-eoswsefbtkkxlcfdowjxslsyjttt/Build/Intermediates.noindex/GeneratedModuleMaps-iphonesimulator/leveldb.modulemap -Xcc -fmodule-map-file\=/Users/shalukahewapatha/Library/Developer/Xcode/DerivedData/Lemon-eoswsefbtkkxlcfdowjxslsyjttt/Build/Intermediates.noindex/GeneratedModuleMaps-iphonesimulator/FirebaseDatabaseInternal.modulemap -Xcc -fmodule-map-file\=/Users/shalukahewapatha/Library/Developer/Xcode/DerivedData/Lemon-eoswsefbtkkxlcfdowjxslsyjttt/Build/Intermediates.noindex/GeneratedModuleMaps-iphonesimulator/FirebaseCore.modulemap -Xcc -fmodule-map-file\=/Users/shalukahewapatha/Library/Developer/Xcode/DerivedData/Lemon-eoswsefbtkkxlcfdowjxslsyjttt/Build/Intermediates.noindex/GeneratedModuleMaps-iphonesimulator/FirebaseAppCheckInterop.modulemap -Xcc -fmodule-map-file\=/Users/shalukahewapatha/Library/Developer/Xcode/DerivedData/Lemon-eoswsefbtkkxlcfdowjxslsyjttt/Build/Intermediates.noindex/GeneratedModuleMaps-iphonesimulator/AppAuth.modulemap -Xcc -fmodule-map-file\=/Users/shalukahewapatha/Library/Developer/Xcode/DerivedData/Lemon-eoswsefbtkkxlcfdowjxslsyjttt/Build/Intermediates.noindex/GeneratedModuleMaps-iphonesimulator/AppAuthCore.modulemap -Xcc -fmodule-map-file\=/Users/shalukahewapatha/Library/Developer/Xcode/DerivedData/Lemon-eoswsefbtkkxlcfdowjxslsyjttt/Build/Intermediates.noindex/GeneratedModuleMaps-iphonesimulator/GoogleUtilities-Logger.modulemap -Xcc -fmodule-map-file\=/Users/shalukahewapatha/Library/Developer/Xcode/DerivedData/Lemon-eoswsefbtkkxlcfdowjxslsyjttt/Build/Intermediates.noindex/GeneratedModuleMaps-iphonesimulator/GoogleUtilities-Environment.modulemap -Xcc -fmodule-map-file\=/Users/shalukahewapatha/Library/Developer/Xcode/DerivedData/Lemon-eoswsefbtkkxlcfdowjxslsyjttt/Build/Intermediates.noindex/GeneratedModuleMaps-iphonesimulator/third-party-IsAppEncrypted.modulemap -Xcc -fmodule-map-file\=/Users/shalukahewapatha/Library/Developer/Xcode/DerivedData/Lemon-eoswsefbtkkxlcfdowjxslsyjttt/Build/Intermediates.noindex/GeneratedModuleMaps-iphonesimulator/GoogleUtilities-UserDefaults.modulemap -Xcc -fmodule-map-file\=/Users/shalukahewapatha/Library/Developer/Xcode/DerivedData/Lemon-eoswsefbtkkxlcfdowjxslsyjttt/Build/Intermediates.noindex/GeneratedModuleMaps-iphonesimulator/AppCheckCore.modulemap -Xcc -fmodule-map-file\=/Users/shalukahewapatha/Library/Developer/Xcode/DerivedData/Lemon-eoswsefbtkkxlcfdowjxslsyjttt/Build/Intermediates.noindex/GeneratedModuleMaps-iphonesimulator/GTMSessionFetcherCore.modulemap -Xcc -fmodule-map-file\=/Users/shalukahewapatha/Library/Developer/Xcode/DerivedData/Lemon-eoswsefbtkkxlcfdowjxslsyjttt/Build/Intermediates.noindex/GeneratedModuleMaps-iphonesimulator/GoogleSignIn.modulemap -Xcc -D_LIBCPP_HARDENING_MODE\=_LIBCPP_HARDENING_MODE_DEBUG -Xcc -ivfsstatcache -Xcc /Users/shalukahewapatha/Library/Developer/Xcode/DerivedData/SDKStatCaches.noindex/iphonesimulator26.2-23C53-7d00a8b37fbd7999ea79df8ebc024bf0.sdkstatcache -Xcc -I/Users/shalukahewapatha/Library/Developer/Xcode/DerivedData/Lemon-eoswsefbtkkxlcfdowjxslsyjttt/Build/Intermediates.noindex/Lemon.build/Debug-iphonesimulator/Lemon.build/swift-overrides.hmap -Xcc -iquote -Xcc /Users/shalukahewapatha/Library/Developer/Xcode/DerivedData/Lemon-eoswsefbtkkxlcfdowjxslsyjttt/Build/Intermediates.noindex/Lemon.build/Debug-iphonesimulator/Lemon.build/Lemon-generated-files.hmap -Xcc -I/Users/shalukahewapatha/Library/Developer/Xcode/DerivedData/Lemon-eoswsefbtkkxlcfdowjxslsyjttt/Build/Intermediates.noindex/Lemon.build/Debug-iphonesimulator/Lemon.build/Lemon-own-target-headers.hmap -Xcc -I/Users/shalukahewapatha/Library/Developer/Xcode/DerivedData/Lemon-eoswsefbtkkxlcfdowjxslsyjttt/Build/Intermediates.noindex/Lemon.build/Debug-iphonesimulator/Lemon.build/Lemon-all-non-framework-target-headers.hmap -Xcc -ivfsoverlay -Xcc /Users/shalukahewapatha/Library/Developer/Xcode/DerivedData/Lemon-eoswsefbtkkxlcfdowjxslsyjttt/Build/Intermediates.noindex/Lemon.build/Debug-iphonesimulator/Lemon-52b1b4bc723067f2ac199d40449820c2-VFS-iphonesimulator/all-product-headers.yaml -Xcc -iquote -Xcc /Users/shalukahewapatha/Library/Developer/Xcode/DerivedData/Lemon-eoswsefbtkkxlcfdowjxslsyjttt/Build/Intermediates.noindex/Lemon.build/Debug-iphonesimulator/Lemon.build/Lemon-project-headers.hmap -Xcc -I/Users/shalukahewapatha/Library/Developer/Xcode/DerivedData/Lemon-eoswsefbtkkxlcfdowjxslsyjttt/SourcePackages/checkouts/google-ads-on-device-conversion-ios-sdk/GoogleAdsOnDeviceConversionWrapper/include -Xcc -I/Users/shalukahewapatha/Library/Developer/Xcode/DerivedData/Lemon-eoswsefbtkkxlcfdowjxslsyjttt/SourcePackages/checkouts/GoogleAppMeasurement/GoogleAppMeasurementWrapper/include -Xcc -I/Users/shalukahewapatha/Library/Developer/Xcode/DerivedData/Lemon-eoswsefbtkkxlcfdowjxslsyjttt/SourcePackages/checkouts/firebase-ios-sdk/FirebaseAnalyticsWrapper/include -Xcc -I/Users/shalukahewapatha/Library/Developer/Xcode/DerivedData/Lemon-eoswsefbtkkxlcfdowjxslsyjttt/SourcePackages/checkouts/firebase-ios-sdk/SwiftPM-PlatformExclude/FirebaseAnalyticsWrap/include -Xcc -I/Users/shalukahewapatha/Library/Developer/Xcode/DerivedData/Lemon-eoswsefbtkkxlcfdowjxslsyjttt/SourcePackages/checkouts/interop-ios-for-google-sdks/RecaptchaEnterprise/RecaptchaInterop/Public -Xcc -I/Users/shalukahewapatha/Library/Developer/Xcode/DerivedData/Lemon-eoswsefbtkkxlcfdowjxslsyjttt/SourcePackages/checkouts/firebase-ios-sdk/FirebaseAuth/Sources/Public -Xcc -I/Users/shalukahewapatha/Library/Developer/Xcode/DerivedData/Lemon-eoswsefbtkkxlcfdowjxslsyjttt/SourcePackages/checkouts/firebase-ios-sdk/FirebaseAuth/Interop/Public -Xcc -I/Users/shalukahewapatha/Library/Developer/Xcode/DerivedData/Lemon-eoswsefbtkkxlcfdowjxslsyjttt/SourcePackages/checkouts/GoogleAppMeasurement/GoogleAppMeasurementIdentitySupportWrapper/include -Xcc -I/Users/shalukahewapatha/Library/Developer/Xcode/DerivedData/Lemon-eoswsefbtkkxlcfdowjxslsyjttt/SourcePackages/checkouts/firebase-ios-sdk/FirebaseAnalyticsIdentitySupportWrapper/include -Xcc -I/Users/shalukahewapatha/Library/Developer/Xcode/DerivedData/Lemon-eoswsefbtkkxlcfdowjxslsyjttt/SourcePackages/checkouts/abseil-cpp-binary/absl-Wrapper/include -Xcc -I/Users/shalukahewapatha/Library/Developer/Xcode/DerivedData/Lemon-eoswsefbtkkxlcfdowjxslsyjttt/SourcePackages/checkouts/grpc-binary/openssl-grpc-Wrapper/include -Xcc -I/Users/shalukahewapatha/Library/Developer/Xcode/DerivedData/Lemon-eoswsefbtkkxlcfdowjxslsyjttt/SourcePackages/checkouts/grpc-binary/grpc-Wrapper/include -Xcc -I/Users/shalukahewapatha/Library/Developer/Xcode/DerivedData/Lemon-eoswsefbtkkxlcfdowjxslsyjttt/SourcePackages/checkouts/grpc-binary/grpcpp-Wrapper/include -Xcc -I/Users/shalukahewapatha/Library/Developer/Xcode/DerivedData/Lemon-eoswsefbtkkxlcfdowjxslsyjttt/SourcePackages/checkouts/firebase-ios-sdk/FirebaseCore/Extension -Xcc -I/Users/shalukahewapatha/Library/Developer/Xcode/DerivedData/Lemon-eoswsefbtkkxlcfdowjxslsyjttt/SourcePackages/checkouts/firebase-ios-sdk/FirebaseFirestoreInternal -Xcc -I/Users/shalukahewapatha/Library/Developer/Xcode/DerivedData/Lemon-eoswsefbtkkxlcfdowjxslsyjttt/SourcePackages/checkouts/firebase-ios-sdk/SwiftPM-PlatformExclude/FirebaseFirestoreWrap/include -Xcc -I/Users/shalukahewapatha/Library/Developer/Xcode/DerivedData/Lemon-eoswsefbtkkxlcfdowjxslsyjttt/SourcePackages/checkouts/GoogleAppMeasurement/GoogleAppMeasurementCoreWrapper/include -Xcc -I/Users/shalukahewapatha/Library/Developer/Xcode/DerivedData/Lemon-eoswsefbtkkxlcfdowjxslsyjttt/SourcePackages/checkouts/GoogleUtilities/GoogleUtilities/AppDelegateSwizzler/Public -Xcc -I/Users/shalukahewapatha/Library/Developer/Xcode/DerivedData/Lemon-eoswsefbtkkxlcfdowjxslsyjttt/SourcePackages/checkouts/GoogleUtilities/GoogleUtilities/MethodSwizzler/Public -Xcc -I/Users/shalukahewapatha/Library/Developer/Xcode/DerivedData/Lemon-eoswsefbtkkxlcfdowjxslsyjttt/SourcePackages/checkouts/GoogleUtilities/GoogleUtilities/Reachability/Public -Xcc -I/Users/shalukahewapatha/Library/Developer/Xcode/DerivedData/Lemon-eoswsefbtkkxlcfdowjxslsyjttt/SourcePackages/checkouts/GoogleUtilities/GoogleUtilities/Network/Public -Xcc -I/Users/shalukahewapatha/Library/Developer/Xcode/DerivedData/Lemon-eoswsefbtkkxlcfdowjxslsyjttt/SourcePackages/checkouts/nanopb/spm_headers -Xcc -I/Users/shalukahewapatha/Library/Developer/Xcode/DerivedData/Lemon-eoswsefbtkkxlcfdowjxslsyjttt/SourcePackages/checkouts/firebase-ios-sdk/FirebaseAnalyticsCoreWrapper/include -Xcc -I/Users/shalukahewapatha/Library/Developer/Xcode/DerivedData/Lemon-eoswsefbtkkxlcfdowjxslsyjttt/SourcePackages/checkouts/firebase-ios-sdk/FirebaseInstallations/Source/Library/Public -Xcc -I/Users/shalukahewapatha/Library/Developer/Xcode/DerivedData/Lemon-eoswsefbtkkxlcfdowjxslsyjttt/SourcePackages/checkouts/firebase-ios-sdk/SwiftPM-PlatformExclude/FirebaseAnalyticsCoreWrap/include -Xcc -I/Users/shalukahewapatha/Library/Developer/Xcode/DerivedData/Lemon-eoswsefbtkkxlcfdowjxslsyjttt/SourcePackages/checkouts/GoogleUtilities/GoogleUtilities/NSData+zlib/Public -Xcc -I/Users/shalukahewapatha/Library/Developer/Xcode/DerivedData/Lemon-eoswsefbtkkxlcfdowjxslsyjttt/SourcePackages/checkouts/leveldb/include -Xcc -I/Users/shalukahewapatha/Library/Developer/Xcode/DerivedData/Lemon-eoswsefbtkkxlcfdowjxslsyjttt/SourcePackages/checkouts/firebase-ios-sdk/FirebaseDatabase/Sources/Public -Xcc -I/Users/shalukahewapatha/Library/Developer/Xcode/DerivedData/Lemon-eoswsefbtkkxlcfdowjxslsyjttt/SourcePackages/checkouts/firebase-ios-sdk/FirebaseCore/Sources/Public -Xcc -I/Users/shalukahewapatha/Library/Developer/Xcode/DerivedData/Lemon-eoswsefbtkkxlcfdowjxslsyjttt/SourcePackages/checkouts/firebase-ios-sdk/CoreOnly/Sources -Xcc -I/Users/shalukahewapatha/Library/Developer/Xcode/DerivedData/Lemon-eoswsefbtkkxlcfdowjxslsyjttt/SourcePackages/checkouts/firebase-ios-sdk/FirebaseAppCheck/Interop/Public -Xcc -I/Users/shalukahewapatha/Library/Developer/Xcode/DerivedData/Lemon-eoswsefbtkkxlcfdowjxslsyjttt/SourcePackages/checkouts/AppAuth-iOS/Sources/AppAuth -Xcc -I/Users/shalukahewapatha/Library/Developer/Xcode/DerivedData/Lemon-eoswsefbtkkxlcfdowjxslsyjttt/SourcePackages/checkouts/AppAuth-iOS/Sources/AppAuthCore -Xcc -I/Users/shalukahewapatha/Library/Developer/Xcode/DerivedData/Lemon-eoswsefbtkkxlcfdowjxslsyjttt/SourcePackages/checkouts/promises/Sources/FBLPromises/include -Xcc -I/Users/shalukahewapatha/Library/Developer/Xcode/DerivedData/Lemon-eoswsefbtkkxlcfdowjxslsyjttt/SourcePackages/checkouts/GoogleUtilities/GoogleUtilities/Logger/Public -Xcc -I/Users/shalukahewapatha/Library/Developer/Xcode/DerivedData/Lemon-eoswsefbtkkxlcfdowjxslsyjttt/SourcePackages/checkouts/GoogleUtilities/GoogleUtilities/Environment/Public -Xcc -I/Users/shalukahewapatha/Library/Developer/Xcode/DerivedData/Lemon-eoswsefbtkkxlcfdowjxslsyjttt/SourcePackages/checkouts/GoogleUtilities/third_party/IsAppEncrypted/Public -Xcc -I/Users/shalukahewapatha/Library/Developer/Xcode/DerivedData/Lemon-eoswsefbtkkxlcfdowjxslsyjttt/SourcePackages/checkouts/GoogleUtilities/GoogleUtilities/UserDefaults/Public -Xcc -I/Users/shalukahewapatha/Library/Developer/Xcode/DerivedData/Lemon-eoswsefbtkkxlcfdowjxslsyjttt/SourcePackages/checkouts/app-check/AppCheckCore/Sources/Public -Xcc -I/Users/shalukahewapatha/Library/Developer/Xcode/DerivedData/Lemon-eoswsefbtkkxlcfdowjxslsyjttt/SourcePackages/checkouts/gtm-session-fetcher/Sources/Core/Public -Xcc -I/Users/shalukahewapatha/Library/Developer/Xcode/DerivedData/Lemon-eoswsefbtkkxlcfdowjxslsyjttt/SourcePackages/checkouts/GoogleSignIn-iOS/GoogleSignIn/Sources/Public -Xcc -I/Users/shalukahewapatha/Library/Developer/Xcode/DerivedData/Lemon-eoswsefbtkkxlcfdowjxslsyjttt/Build/Products/Debug-iphonesimulator/include -Xcc -I/Users/shalukahewapatha/Library/Developer/Xcode/DerivedData/Lemon-eoswsefbtkkxlcfdowjxslsyjttt/Build/Intermediates.noindex/Lemon.build/Debug-iphonesimulator/Lemon.build/DerivedSources-normal/arm64 -Xcc -I/Users/shalukahewapatha/Library/Developer/Xcode/DerivedData/Lemon-eoswsefbtkkxlcfdowjxslsyjttt/Build/Intermediates.noindex/Lemon.build/Debug-iphonesimulator/Lemon.build/DerivedSources/arm64 -Xcc -I/Users/shalukahewapatha/Library/Developer/Xcode/DerivedData/Lemon-eoswsefbtkkxlcfdowjxslsyjttt/Build/Intermediates.noindex/Lemon.build/Debug-iphonesimulator/Lemon.build/DerivedSources -Xcc -DDEBUG\=1 -no-auto-bridging-header-chaining -module-name Lemon -frontend-parseable-output -disable-clang-spi -target-sdk-version 26.2 -target-sdk-name iphonesimulator26.2 -clang-target arm64-apple-ios26.2-simulator -in-process-plugin-server-path /Applications/Xcode.app/Contents/Developer/Toolchains/XcodeDefault.xctoolchain/usr/lib/swift/host/libSwiftInProcPluginServer.dylib -emit-module-doc-path /Users/shalukahewapatha/Library/Developer/Xcode/DerivedData/Lemon-eoswsefbtkkxlcfdowjxslsyjttt/Build/Intermediates.noindex/Lemon.build/Debug-iphonesimulator/Lemon.build/Objects-normal/arm64/Lemon.swiftdoc -emit-module-source-info-path /Users/shalukahewapatha/Library/Developer/Xcode/DerivedData/Lemon-eoswsefbtkkxlcfdowjxslsyjttt/Build/Intermediates.noindex/Lemon.build/Debug-iphonesimulator/Lemon.build/Objects-normal/arm64/Lemon.swiftsourceinfo -emit-objc-header-path /Users/shalukahewapatha/Library/Developer/Xcode/DerivedData/Lemon-eoswsefbtkkxlcfdowjxslsyjttt/Build/Intermediates.noindex/Lemon.build/Debug-iphonesimulator/Lemon.build/Objects-normal/arm64/Lemon-Swift.h -serialize-diagnostics-path /Users/shalukahewapatha/Library/Developer/Xcode/DerivedData/Lemon-eoswsefbtkkxlcfdowjxslsyjttt/Build/Intermediates.noindex/Lemon.build/Debug-iphonesimulator/Lemon.build/Objects-normal/arm64/Lemon-primary-emit-module.dia -emit-dependencies-path /Users/shalukahewapatha/Library/Developer/Xcode/DerivedData/Lemon-eoswsefbtkkxlcfdowjxslsyjttt/Build/Intermediates.noindex/Lemon.build/Debug-iphonesimulator/Lemon.build/Objects-normal/arm64/Lemon-primary-emit-module.d -o /Users/shalukahewapatha/Library/Developer/Xcode/DerivedData/Lemon-eoswsefbtkkxlcfdowjxslsyjttt/Build/Intermediates.noindex/Lemon.build/Debug-iphonesimulator/Lemon.build/Objects-normal/arm64/Lemon.swiftmodule -emit-abi-descriptor-path /Users/shalukahewapatha/Library/Developer/Xcode/DerivedData/Lemon-eoswsefbtkkxlcfdowjxslsyjttt/Build/Intermediates.noindex/Lemon.build/Debug-iphonesimulator/Lemon.build/Objects-normal/arm64/Lemon.abi.json

EmitSwiftModule normal arm64 (in target 'Lemon' from project 'Lemon')
    cd /Users/shalukahewapatha/Documents/Personal\ Projects/Lemon\ App\ Project/Lemon
    
/Users/shalukahewapatha/Documents/Personal Projects/Lemon App Project/Lemon/Lemon/Views/ActiveRideView.swift:19:38: error: cannot find type 'CLLocation' in scope
    @State private var lastLocation: CLLocation?
                                     ^~~~~~~~~~

SwiftCompile normal arm64 Compiling\ TripSummaryView.swift /Users/shalukahewapatha/Documents/Personal\ Projects/Lemon\ App\ Project/Lemon/Lemon/Views/TripSummaryView.swift (in target 'Lemon' from project 'Lemon')

SwiftCompile normal arm64 /Users/shalukahewapatha/Documents/Personal\ Projects/Lemon\ App\ Project/Lemon/Lemon/Views/TripSummaryView.swift (in target 'Lemon' from project 'Lemon')
    cd /Users/shalukahewapatha/Documents/Personal\ Projects/Lemon\ App\ Project/Lemon
    

SwiftCompile normal arm64 Compiling\ SignupView.swift /Users/shalukahewapatha/Documents/Personal\ Projects/Lemon\ App\ Project/Lemon/Lemon/Views/SignupView.swift (in target 'Lemon' from project 'Lemon')

SwiftCompile normal arm64 /Users/shalukahewapatha/Documents/Personal\ Projects/Lemon\ App\ Project/Lemon/Lemon/Views/SignupView.swift (in target 'Lemon' from project 'Lemon')
    cd /Users/shalukahewapatha/Documents/Personal\ Projects/Lemon\ App\ Project/Lemon
    

SwiftCompile normal arm64 Compiling\ SettingsView.swift /Users/shalukahewapatha/Documents/Personal\ Projects/Lemon\ App\ Project/Lemon/Lemon/Views/SettingsView.swift (in target 'Lemon' from project 'Lemon')

SwiftCompile normal arm64 /Users/shalukahewapatha/Documents/Personal\ Projects/Lemon\ App\ Project/Lemon/Lemon/Views/SettingsView.swift (in target 'Lemon' from project 'Lemon')
    cd /Users/shalukahewapatha/Documents/Personal\ Projects/Lemon\ App\ Project/Lemon
    

SwiftCompile normal arm64 Compiling\ LemonApp.swift /Users/shalukahewapatha/Documents/Personal\ Projects/Lemon\ App\ Project/Lemon/Lemon/LemonApp.swift (in target 'Lemon' from project 'Lemon')

SwiftCompile normal arm64 /Users/shalukahewapatha/Documents/Personal\ Projects/Lemon\ App\ Project/Lemon/Lemon/LemonApp.swift (in target 'Lemon' from project 'Lemon')
    cd /Users/shalukahewapatha/Documents/Personal\ Projects/Lemon\ App\ Project/Lemon
    

SwiftCompile normal arm64 Compiling\ SideMenuView.swift /Users/shalukahewapatha/Documents/Personal\ Projects/Lemon\ App\ Project/Lemon/Lemon/Views/SideMenuView.swift (in target 'Lemon' from project 'Lemon')

SwiftCompile normal arm64 /Users/shalukahewapatha/Documents/Personal\ Projects/Lemon\ App\ Project/Lemon/Lemon/Views/SideMenuView.swift (in target 'Lemon' from project 'Lemon')
    cd /Users/shalukahewapatha/Documents/Personal\ Projects/Lemon\ App\ Project/Lemon
    

SwiftDriverJobDiscovery normal arm64 Compiling LemonApp.swift (in target 'Lemon' from project 'Lemon')

SwiftDriverJobDiscovery normal arm64 Compiling RootView.swift (in target 'Lemon' from project 'Lemon')

SwiftDriverJobDiscovery normal arm64 Compiling TripSummaryView.swift (in target 'Lemon' from project 'Lemon')

** BUILD FAILED **


The following build commands failed:
	SwiftEmitModule normal arm64 Emitting\ module\ for\ Lemon (in target 'Lemon' from project 'Lemon')
	EmitSwiftModule normal arm64 (in target 'Lemon' from project 'Lemon')
	Building project Lemon with scheme Lemon
(3 failures)
